;;MTRL-0321;;;;;;;;
Tipo: Relatório de chamadas;;;;;;;;;;
Chamadas atendidas: De 01/03/2021 10:14:00 Para 31/03/2021 11:14:00;;;;;;;;;;
ID da chamada: Ramais no intervalo '0098-0099';;;;;;;;;;
Destino: Qualquer número;;;;;;;;;;
Duração da chamada;ID da chamada;;Destino;Status;Tocando;Falando;Totais;Custo;Razão;Play
24/03/2021 11:50;3CX-Montreal-Compras-Recepcao-11-3195-5324 (0098);;2,61157E+11;Atendida;00:00:01;00:00:11;00:00:12;0,18;Terminado por 3CX-Montreal-Compras-Recepcao-11-3195-5324 (0098);
24/03/2021 11:52;3CX-Montreal-Compras-Recepcao-11-3195-5324 (0098);;2,61195E+12;Atendida;00:00:08;00:00:03;00:00:11;0,05;Terminado por 3CX-Montreal-Compras-Recepcao-11-3195-5324 (0098);
24/03/2021 11:53;3CX-Montreal-Compras-Recepcao-11-3195-5324 (0098);;2,61199E+12;Atendida;00:00:07;00:00:07;00:00:14;0,12;Terminado por 3CX-Montreal-Compras-Recepcao-11-3195-5324 (0098);
24/03/2021 12:51;3CX-Montreal-Compras-Recepcao-11-3195-5324 (0098);;2,61195E+12;Atendida;00:00:16;00:00:35;00:00:51;0,58;Terminado por 3CX-Montreal-Compras-Recepcao-11-3195-5324 (0098);
24/03/2021 13:13;3CX-Montreal-Compras-Recepcao-11-3195-5324 (0098);;2,61999E+12;Atendida;00:00:40;00:00:03;00:00:43;0,05;Terminado por 3CX-Montreal-Compras-Recepcao-11-3195-5324 (0098);
24/03/2021 13:14;3CX-Montreal-Compras-Recepcao-11-3195-5324 (0098);;2,61999E+12;Atendida;00:00:38;00:00:46;00:01:24;0,77;Terminado por 3CX-Montreal-Compras-Recepcao-11-3195-5324 (0098);
24/03/2021 13:16;3CX-Montreal-Compras-Recepcao-11-3195-5324 (0098);;2,61999E+12;Atendida;00:00:08;00:04:13;00:04:21;4,22;Terminado por 3CX-Montreal-Compras-Recepcao-11-3195-5324 (0098);
24/03/2021 13:21;3CX-Montreal-Compras-Recepcao-11-3195-5324 (0098);;2,61999E+12;Atendida;00:00:04;00:00:13;00:00:17;0,22;Terminado por 02619989681135;
24/03/2021 13:22;3CX-Montreal-Compras-Recepcao-11-3195-5324 (0098);;2,61999E+12;Atendida;00:00:06;00:00:04;00:00:10;0,07;Terminado por 3CX-Montreal-Compras-Recepcao-11-3195-5324 (0098);
24/03/2021 13:23;3CX-Montreal-Compras-Recepcao-11-3195-5324 (0098);;2,61999E+12;Atendida;00:00:13;00:00:33;00:00:46;0,55;Terminado por 02619994749462;
24/03/2021 13:24;3CX-Montreal-Compras-Recepcao-11-3195-5324 (0098);;2,61999E+12;Atendida;00:00:15;00:00:06;00:00:21;0,1;Terminado por 3CX-Montreal-Compras-Recepcao-11-3195-5324 (0098);
24/03/2021 13:24;3CX-Montreal-Compras-Recepcao-11-3195-5324 (0098);;2,61999E+12;Atendida;00:01:20;00:00:03;00:01:23;0,05;Terminado por 3CX-Montreal-Compras-Recepcao-11-3195-5324 (0098);
24/03/2021 13:27;3CX-Montreal-Compras-Recepcao-11-3195-5324 (0098);;2,62E+12;Atendida;00:00:27;00:00:40;00:01:07;0,67;Terminado por 02619997076456;
24/03/2021 13:30;3CX-Montreal-Compras-Recepcao-11-3195-5324 (0098);;2,62E+12;Atendida;00:00:15;00:00:07;00:00:22;0,12;Terminado por 3CX-Montreal-Compras-Recepcao-11-3195-5324 (0098);
24/03/2021 13:30;3CX-Montreal-Compras-Recepcao-11-3195-5324 (0098);;2,61999E+12;Atendida;00:00:27;00:00:05;00:00:32;0,08;Terminado por 02619988007888;
24/03/2021 13:31;3CX-Montreal-Compras-Recepcao-11-3195-5324 (0098);;2,61999E+12;Atendida;00:00:40;00:00:37;00:01:17;0,62;Terminado por 02619988007888;
24/03/2021 13:33;3CX-Montreal-Compras-Recepcao-11-3195-5324 (0098);;2,61998E+12;Atendida;00:00:10;00:00:12;00:00:22;0,2;Terminado por 3CX-Montreal-Compras-Recepcao-11-3195-5324 (0098);
24/03/2021 13:34;3CX-Montreal-Compras-Recepcao-11-3195-5324 (0098);;2,61998E+12;Atendida;00:00:10;00:00:17;00:00:27;0,28;Terminado por 3CX-Montreal-Compras-Recepcao-11-3195-5324 (0098);
24/03/2021 13:36;3CX-Montreal-Compras-Recepcao-11-3195-5324 (0098);;2,61999E+12;Atendida;00:00:15;00:00:13;00:00:28;0,22;Terminado por 3CX-Montreal-Compras-Recepcao-11-3195-5324 (0098);
24/03/2021 13:37;3CX-Montreal-Compras-Recepcao-11-3195-5324 (0098);;2,61999E+12;Atendida;00:00:44;00:00:11;00:00:55;0,18;Terminado por 3CX-Montreal-Compras-Recepcao-11-3195-5324 (0098);
24/03/2021 13:39;3CX-Montreal-Compras-Recepcao-11-3195-5324 (0098);;2,61999E+12;Atendida;00:00:32;00:00:14;00:00:46;0,23;Terminado por 3CX-Montreal-Compras-Recepcao-11-3195-5324 (0098);
24/03/2021 13:42;3CX-Montreal-Compras-Recepcao-11-3195-5324 (0098);;2,61999E+12;Atendida;00:00:26;00:00:11;00:00:37;0,18;Terminado por 3CX-Montreal-Compras-Recepcao-11-3195-5324 (0098);
24/03/2021 13:43;3CX-Montreal-Compras-Recepcao-11-3195-5324 (0098);;2,61999E+12;Atendida;00:00:42;00:00:40;00:01:22;0,67;Terminado por 3CX-Montreal-Compras-Recepcao-11-3195-5324 (0098);
24/03/2021 13:44;3CX-Montreal-Compras-Recepcao-11-3195-5324 (0098);;2,61998E+12;Atendida;00:00:17;00:00:12;00:00:29;0,2;Terminado por 3CX-Montreal-Compras-Recepcao-11-3195-5324 (0098);
24/03/2021 13:45;3CX-Montreal-Compras-Recepcao-11-3195-5324 (0098);;2,61999E+12;Atendida;00:00:14;00:00:52;00:01:06;0,87;Terminado por 02619992234335;
24/03/2021 13:46;3CX-Montreal-Compras-Recepcao-11-3195-5324 (0098);;2,62E+12;Atendida;00:00:39;00:00:09;00:00:48;0,15;Terminado por 3CX-Montreal-Compras-Recepcao-11-3195-5324 (0098);
24/03/2021 13:47;3CX-Montreal-Compras-Recepcao-11-3195-5324 (0098);;2,61999E+12;Atendida;00:00:11;00:00:23;00:00:34;0,38;Terminado por 02619993948486;
24/03/2021 13:46;3CX-Montreal-Compras-Recepcao-11-3195-5324 (0098);;2,61933E+11;Atendida;00:00:25;00:00:43;00:01:08;0,72;Terminado por 3CX-Montreal-Compras-Recepcao-11-3195-5324 (0098);
24/03/2021 13:48;3CX-Montreal-Compras-Recepcao-11-3195-5324 (0098);;2,61999E+12;Atendida;00:00:22;00:00:42;00:01:04;0,7;Terminado por 02619993948486;
24/03/2021 13:51;3CX-Montreal-Compras-Recepcao-11-3195-5324 (0098);;2,61998E+12;Atendida;00:00:22;00:00:17;00:00:39;0,28;Terminado por 3CX-Montreal-Compras-Recepcao-11-3195-5324 (0098);
24/03/2021 13:52;3CX-Montreal-Compras-Recepcao-11-3195-5324 (0098);;2,61999E+12;Atendida;00:00:14;00:01:05;00:01:19;1,08;Terminado por 3CX-Montreal-Compras-Recepcao-11-3195-5324 (0098);
24/03/2021 13:54;3CX-Montreal-Compras-Recepcao-11-3195-5324 (0098);;2,61999E+12;Atendida;00:00:14;00:01:29;00:01:43;1,48;Terminado por 3CX-Montreal-Compras-Recepcao-11-3195-5324 (0098);
24/03/2021 13:56;3CX-Montreal-Compras-Recepcao-11-3195-5324 (0098);;2,61999E+12;Atendida;00:00:15;00:00:05;00:00:20;0,08;Terminado por 3CX-Montreal-Compras-Recepcao-11-3195-5324 (0098);
24/03/2021 13:57;3CX-Montreal-Compras-Recepcao-11-3195-5324 (0098);;2,61999E+12;Atendida;00:00:30;00:01:13;00:01:43;1,22;Terminado por 3CX-Montreal-Compras-Recepcao-11-3195-5324 (0098);
24/03/2021 14:03;3CX-Montreal-Compras-Recepcao-11-3195-5324 (0098);;2,62E+12;Atendida;00:00:19;00:00:04;00:00:23;0,07;Terminado por 3CX-Montreal-Compras-Recepcao-11-3195-5324 (0098);
24/03/2021 14:04;3CX-Montreal-Compras-Recepcao-11-3195-5324 (0098);;2,62E+12;Atendida;00:00:10;00:00:31;00:00:41;0,52;Terminado por 3CX-Montreal-Compras-Recepcao-11-3195-5324 (0098);
24/03/2021 14:04;3CX-Montreal-Compras-Recepcao-11-3195-5324 (0098);;2,61998E+12;Atendida;00:00:28;00:01:12;00:01:40;1,2;Terminado por 3CX-Montreal-Compras-Recepcao-11-3195-5324 (0098);
24/03/2021 14:07;3CX-Montreal-Compras-Recepcao-11-3195-5324 (0098);;2,61999E+12;Atendida;00:00:13;00:00:37;00:00:50;0,62;Terminado por 3CX-Montreal-Compras-Recepcao-11-3195-5324 (0098);
24/03/2021 14:08;3CX-Montreal-Compras-Recepcao-11-3195-5324 (0098);;2,61999E+12;Atendida;00:00:08;00:00:05;00:00:13;0,08;Terminado por 3CX-Montreal-Compras-Recepcao-11-3195-5324 (0098);
24/03/2021 14:09;3CX-Montreal-Compras-Recepcao-11-3195-5324 (0098);;2,61999E+12;Atendida;00:00:18;00:00:03;00:00:21;0,05;Terminado por 3CX-Montreal-Compras-Recepcao-11-3195-5324 (0098);
24/03/2021 14:08;3CX-Montreal-Compras-Recepcao-11-3195-5324 (0098);;2,61999E+12;Atendida;00:00:42;00:00:04;00:00:46;0,07;Terminado por 3CX-Montreal-Compras-Recepcao-11-3195-5324 (0098);
24/03/2021 14:09;3CX-Montreal-Compras-Recepcao-11-3195-5324 (0098);;2,62E+12;Atendida;00:00:42;00:00:02;00:00:44;0,03;Terminado por 3CX-Montreal-Compras-Recepcao-11-3195-5324 (0098);
24/03/2021 14:11;3CX-Montreal-Compras-Recepcao-11-3195-5324 (0098);;2,61998E+12;Atendida;00:00:37;00:00:10;00:00:47;0,17;Terminado por 3CX-Montreal-Compras-Recepcao-11-3195-5324 (0098);
24/03/2021 14:13;3CX-Montreal-Compras-Recepcao-11-3195-5324 (0098);;2,61998E+12;Atendida;00:00:18;00:00:25;00:00:43;0,42;Terminado por 3CX-Montreal-Compras-Recepcao-11-3195-5324 (0098);
24/03/2021 14:14;3CX-Montreal-Compras-Recepcao-11-3195-5324 (0098);;2,61999E+12;Atendida;00:00:24;00:00:49;00:01:13;0,82;Terminado por 3CX-Montreal-Compras-Recepcao-11-3195-5324 (0098);
24/03/2021 14:15;3CX-Montreal-Compras-Recepcao-11-3195-5324 (0098);;2,61999E+12;Atendida;00:00:16;00:01:00;00:01:16;1;Terminado por 3CX-Montreal-Compras-Recepcao-11-3195-5324 (0098);
24/03/2021 14:16;3CX-Montreal-Compras-Recepcao-11-3195-5324 (0098);;2,61998E+12;Atendida;00:00:38;00:00:15;00:00:53;0,25;Terminado por 3CX-Montreal-Compras-Recepcao-11-3195-5324 (0098);
24/03/2021 14:17;3CX-Montreal-Compras-Recepcao-11-3195-5324 (0098);;2,61998E+12;Atendida;00:00:25;00:00:07;00:00:32;0,12;Terminado por 3CX-Montreal-Compras-Recepcao-11-3195-5324 (0098);
24/03/2021 14:17;3CX-Montreal-Compras-Recepcao-11-3195-5324 (0098);;2,61999E+12;Atendida;00:00:37;00:00:09;00:00:46;0,15;Terminado por 3CX-Montreal-Compras-Recepcao-11-3195-5324 (0098);
24/03/2021 14:19;3CX-Montreal-Compras-Recepcao-11-3195-5324 (0098);;2,61999E+12;Atendida;00:00:13;00:00:29;00:00:42;0,48;Terminado por 02619988206819;
24/03/2021 14:18;3CX-Montreal-Compras-Recepcao-11-3195-5324 (0098);;2,61997E+12;Atendida;00:00:17;00:00:45;00:01:02;0,75;Terminado por 02619974024229;
24/03/2021 14:20;3CX-Montreal-Compras-Recepcao-11-3195-5324 (0098);;2,62E+12;Atendida;00:00:11;00:00:04;00:00:15;0,07;Terminado por 02619997730882;
24/03/2021 14:20;3CX-Montreal-Compras-Recepcao-11-3195-5324 (0098);;2,61999E+12;Atendida;00:00:10;00:00:15;00:00:25;0,25;Terminado por 02619988206819;
24/03/2021 14:21;3CX-Montreal-Compras-Recepcao-11-3195-5324 (0098);;2,62E+12;Atendida;00:00:09;00:00:32;00:00:41;0,53;Terminado por 02619997730882;
24/03/2021 14:22;3CX-Montreal-Compras-Recepcao-11-3195-5324 (0098);;2,61999E+12;Atendida;00:00:26;00:00:02;00:00:28;0,03;Terminado por 3CX-Montreal-Compras-Recepcao-11-3195-5324 (0098);
24/03/2021 14:21;3CX-Montreal-Compras-Recepcao-11-3195-5324 (0098);;2,61999E+12;Atendida;00:00:17;00:00:56;00:01:13;0,93;Terminado por 3CX-Montreal-Compras-Recepcao-11-3195-5324 (0098);
24/03/2021 14:24;3CX-Montreal-Compras-Recepcao-11-3195-5324 (0098);;2,61999E+12;Atendida;00:00:14;00:00:00;00:00:14;0;Terminado por 3CX-Montreal-Compras-Recepcao-11-3195-5324 (0098);
24/03/2021 14:25;3CX-Montreal-Compras-Recepcao-11-3195-5324 (0098);;2,61999E+12;Atendida;00:00:14;00:00:38;00:00:52;0,63;Terminado por 02619991564357;
24/03/2021 14:27;3CX-Montreal-Compras-Recepcao-11-3195-5324 (0098);;2,61999E+12;Atendida;00:00:15;00:00:33;00:00:48;0,55;Terminado por 02619993890543;
24/03/2021 14:28;3CX-Montreal-Compras-Recepcao-11-3195-5324 (0098);;2,61998E+12;Atendida;00:00:15;00:00:13;00:00:28;0,22;Terminado por 3CX-Montreal-Compras-Recepcao-11-3195-5324 (0098);
24/03/2021 14:28;3CX-Montreal-Compras-Recepcao-11-3195-5324 (0098);;2,61998E+12;Atendida;00:00:43;00:00:22;00:01:05;0,37;Terminado por 3CX-Montreal-Compras-Recepcao-11-3195-5324 (0098);
24/03/2021 14:29;3CX-Montreal-Compras-Recepcao-11-3195-5324 (0098);;2,61998E+12;Atendida;00:00:09;00:01:58;00:02:07;1,97;Terminado por 3CX-Montreal-Compras-Recepcao-11-3195-5324 (0098);
24/03/2021 14:31;3CX-Montreal-Compras-Recepcao-11-3195-5324 (0098);;2,61998E+12;Atendida;00:00:14;00:00:36;00:00:50;0,6;Terminado por 02619983608025;
24/03/2021 14:32;3CX-Montreal-Compras-Recepcao-11-3195-5324 (0098);;2,61998E+12;Atendida;00:00:44;00:00:14;00:00:58;0,23;Terminado por 3CX-Montreal-Compras-Recepcao-11-3195-5324 (0098);
24/03/2021 14:33;3CX-Montreal-Compras-Recepcao-11-3195-5324 (0098);;2,61998E+12;Atendida;00:00:13;00:01:30;00:01:43;1,5;Terminado por 3CX-Montreal-Compras-Recepcao-11-3195-5324 (0098);
24/03/2021 14:34;3CX-Montreal-Compras-Recepcao-11-3195-5324 (0098);;2,61999E+12;Atendida;00:00:15;00:01:00;00:01:15;1;Terminado por 02619987302272;
24/03/2021 14:36;3CX-Montreal-Compras-Recepcao-11-3195-5324 (0098);;2,61999E+12;Atendida;00:00:40;00:00:10;00:00:50;0,17;Terminado por 3CX-Montreal-Compras-Recepcao-11-3195-5324 (0098);
24/03/2021 14:37;3CX-Montreal-Compras-Recepcao-11-3195-5324 (0098);;2,61999E+12;Atendida;00:00:20;00:00:38;00:00:58;0,63;Terminado por 02619994787885;
24/03/2021 14:38;3CX-Montreal-Compras-Recepcao-11-3195-5324 (0098);;2,61998E+12;Atendida;00:00:18;00:00:30;00:00:48;0,5;Terminado por 02619983156259;
24/03/2021 14:39;3CX-Montreal-Compras-Recepcao-11-3195-5324 (0098);;2,61998E+12;Atendida;00:00:15;00:00:04;00:00:19;0,07;Terminado por 02619982530654;
24/03/2021 14:40;3CX-Montreal-Compras-Recepcao-11-3195-5324 (0098);;2,61999E+12;Atendida;00:00:40;00:00:11;00:00:51;0,18;Terminado por 3CX-Montreal-Compras-Recepcao-11-3195-5324 (0098);
24/03/2021 14:41;3CX-Montreal-Compras-Recepcao-11-3195-5324 (0098);;2,62E+12;Atendida;00:00:39;00:00:04;00:00:43;0,07;Terminado por 3CX-Montreal-Compras-Recepcao-11-3195-5324 (0098);
24/03/2021 14:41;3CX-Montreal-Compras-Recepcao-11-3195-5324 (0098);;2,61999E+12;Atendida;00:00:13;00:00:45;00:00:58;0,75;Terminado por 3CX-Montreal-Compras-Recepcao-11-3195-5324 (0098);
24/03/2021 14:42;3CX-Montreal-Compras-Recepcao-11-3195-5324 (0098);;2,61999E+12;Atendida;00:00:40;00:00:09;00:00:49;0,15;Terminado por 3CX-Montreal-Compras-Recepcao-11-3195-5324 (0098);
24/03/2021 14:42;3CX-Montreal-Compras-Recepcao-11-3195-5324 (0098);;2,62E+12;Atendida;00:00:09;00:00:42;00:00:51;0,7;Terminado por 3CX-Montreal-Compras-Recepcao-11-3195-5324 (0098);
24/03/2021 14:52;3CX-Montreal-Compras-Recepcao-11-3195-5324 (0098);;2,61998E+12;Atendida;00:00:14;00:01:20;00:01:34;1,33;Terminado por 3CX-Montreal-Compras-Recepcao-11-3195-5324 (0098);
24/03/2021 14:57;3CX-Montreal-Compras-Recepcao-11-3195-5324 (0098);;2,61999E+12;Atendida;00:00:14;00:00:54;00:01:08;0,9;Terminado por 02619989083787;
24/03/2021 14:58;3CX-Montreal-Compras-Recepcao-11-3195-5324 (0098);;2,61998E+12;Atendida;00:00:19;00:01:52;00:02:11;1,87;Terminado por 3CX-Montreal-Compras-Recepcao-11-3195-5324 (0098);
24/03/2021 15:05;3CX-Montreal-Compras-Recepcao-11-3195-5324 (0098);;2,61999E+12;Atendida;00:00:10;00:00:18;00:00:28;0,3;Terminado por 02619994012270;
24/03/2021 15:08;3CX-Montreal-Compras-Recepcao-11-3195-5324 (0098);;2,61998E+12;Atendida;00:00:14;00:00:12;00:00:26;0,2;Terminado por 3CX-Montreal-Compras-Recepcao-11-3195-5324 (0098);
24/03/2021 15:11;3CX-Montreal-Compras-Recepcao-11-3195-5324 (0098);;2,61998E+12;Atendida;00:00:12;00:00:19;00:00:31;0,32;Terminado por 3CX-Montreal-Compras-Recepcao-11-3195-5324 (0098);
24/03/2021 15:12;3CX-Montreal-Compras-Recepcao-11-3195-5324 (0098);;2,61999E+12;Atendida;00:00:43;00:00:03;00:00:46;0,05;Terminado por 3CX-Montreal-Compras-Recepcao-11-3195-5324 (0098);
24/03/2021 15:18;3CX-Montreal-Compras-Recepcao-11-3195-5324 (0098);;2,61999E+12;Atendida;00:00:14;00:00:07;00:00:21;0,12;Terminado por 3CX-Montreal-Compras-Recepcao-11-3195-5324 (0098);
24/03/2021 15:49;3CX-Montreal-Compras-Recepcao-11-3195-5324 (0098);;2,61999E+12;Atendida;00:00:23;00:00:18;00:00:41;0,3;Terminado por 3CX-Montreal-Compras-Recepcao-11-3195-5324 (0098);
24/03/2021 15:50;3CX-Montreal-Compras-Recepcao-11-3195-5324 (0098);;2,61999E+12;Atendida;00:00:05;00:00:11;00:00:16;0,18;Terminado por 3CX-Montreal-Compras-Recepcao-11-3195-5324 (0098);
24/03/2021 15:51;3CX-Montreal-Compras-Recepcao-11-3195-5324 (0098);;2,61999E+12;Atendida;00:00:40;00:00:32;00:01:12;0,53;Terminado por 3CX-Montreal-Compras-Recepcao-11-3195-5324 (0098);
24/03/2021 17:00;3CX-Montreal-Compras-Recepcao-11-3195-5324 (0098);;2,61131E+11;Atendida;00:00:28;00:00:56;00:01:24;0,93;Terminado por 3CX-Montreal-Compras-Recepcao-11-3195-5324 (0098);
25/03/2021 08:07;3CX-Montreal-Compras-Recepcao-11-3195-5324 (0098);;2,61999E+12;Atendida;00:00:39;00:00:07;00:00:46;0,12;Terminado por 3CX-Montreal-Compras-Recepcao-11-3195-5324 (0098);
25/03/2021 08:09;3CX-Montreal-Compras-Recepcao-11-3195-5324 (0098);;2,61999E+12;Atendida;00:00:24;00:00:03;00:00:27;0,05;Terminado por 3CX-Montreal-Compras-Recepcao-11-3195-5324 (0098);
25/03/2021 08:10;3CX-Montreal-Compras-Recepcao-11-3195-5324 (0098);;2,61999E+12;Atendida;00:00:38;00:00:15;00:00:53;0,25;Terminado por 3CX-Montreal-Compras-Recepcao-11-3195-5324 (0098);
25/03/2021 08:11;3CX-Montreal-Compras-Recepcao-11-3195-5324 (0098);;2,61938E+11;Atendida;00:00:18;00:01:11;00:01:29;1,18;Terminado por 3CX-Montreal-Compras-Recepcao-11-3195-5324 (0098);
25/03/2021 08:15;3CX-Montreal-Compras-Recepcao-11-3195-5324 (0098);;2,61938E+11;Atendida;00:00:45;00:01:07;00:01:52;1,12;Terminado por 3CX-Montreal-Compras-Recepcao-11-3195-5324 (0098);
25/03/2021 08:17;3CX-Montreal-Compras-Recepcao-11-3195-5324 (0098);;2,61999E+12;Atendida;00:00:40;00:00:19;00:00:59;0,32;Terminado por 02619994835075;
25/03/2021 08:19;3CX-Montreal-Compras-Recepcao-11-3195-5324 (0098);;2,61999E+12;Atendida;00:00:18;00:00:50;00:01:08;0,83;Terminado por 3CX-Montreal-Compras-Recepcao-11-3195-5324 (0098);
25/03/2021 08:21;3CX-Montreal-Compras-Recepcao-11-3195-5324 (0098);;2,61998E+12;Atendida;00:00:17;00:00:19;00:00:36;0,32;Terminado por 3CX-Montreal-Compras-Recepcao-11-3195-5324 (0098);
25/03/2021 08:22;3CX-Montreal-Compras-Recepcao-11-3195-5324 (0098);;2,61999E+12;Atendida;00:00:39;00:00:05;00:00:44;0,08;Terminado por 3CX-Montreal-Compras-Recepcao-11-3195-5324 (0098);
25/03/2021 08:22;3CX-Montreal-Compras-Recepcao-11-3195-5324 (0098);;2,61997E+12;Atendida;00:00:46;00:00:29;00:01:15;0,48;Terminado por 3CX-Montreal-Compras-Recepcao-11-3195-5324 (0098);
25/03/2021 08:23;3CX-Montreal-Compras-Recepcao-11-3195-5324 (0098);;2,61999E+12;Atendida;00:00:05;00:00:05;00:00:10;0,08;Terminado por 3CX-Montreal-Compras-Recepcao-11-3195-5324 (0098);
25/03/2021 08:23;3CX-Montreal-Compras-Recepcao-11-3195-5324 (0098);;2,61999E+12;Atendida;00:00:05;00:00:03;00:00:08;0,05;Terminado por 3CX-Montreal-Compras-Recepcao-11-3195-5324 (0098);
25/03/2021 08:23;3CX-Montreal-Compras-Recepcao-11-3195-5324 (0098);;2,61999E+12;Atendida;00:00:40;00:00:02;00:00:42;0,03;Terminado por 3CX-Montreal-Compras-Recepcao-11-3195-5324 (0098);
25/03/2021 08:24;3CX-Montreal-Compras-Recepcao-11-3195-5324 (0098);;2,61999E+12;Atendida;00:00:08;00:00:06;00:00:14;0,1;Terminado por 3CX-Montreal-Compras-Recepcao-11-3195-5324 (0098);
25/03/2021 08:25;3CX-Montreal-Compras-Recepcao-11-3195-5324 (0098);;2,6193E+11;Atendida;00:00:21;00:00:24;00:00:45;0,4;Terminado por 3CX-Montreal-Compras-Recepcao-11-3195-5324 (0098);
25/03/2021 08:26;3CX-Montreal-Compras-Recepcao-11-3195-5324 (0098);;2,6193E+11;Atendida;00:00:15;00:00:06;00:00:21;0,1;Terminado por 3CX-Montreal-Compras-Recepcao-11-3195-5324 (0098);
25/03/2021 08:26;3CX-Montreal-Compras-Recepcao-11-3195-5324 (0098);;2,61998E+12;Atendida;00:00:11;00:00:19;00:00:30;0,32;Terminado por 02619983140347;
25/03/2021 08:29;3CX-Montreal-Compras-Recepcao-11-3195-5324 (0098);;2,61999E+12;Atendida;00:00:13;00:00:11;00:00:24;0,18;Terminado por 3CX-Montreal-Compras-Recepcao-11-3195-5324 (0098);
25/03/2021 08:30;3CX-Montreal-Compras-Recepcao-11-3195-5324 (0098);;2,61997E+12;Atendida;00:00:11;00:00:32;00:00:43;0,53;Terminado por 3CX-Montreal-Compras-Recepcao-11-3195-5324 (0098);
25/03/2021 08:30;3CX-Montreal-Compras-Recepcao-11-3195-5324 (0098);;2,61998E+12;Atendida;00:00:21;00:00:52;00:01:13;0,87;Terminado por 3CX-Montreal-Compras-Recepcao-11-3195-5324 (0098);
25/03/2021 08:31;3CX-Montreal-Compras-Recepcao-11-3195-5324 (0098);;2,61998E+12;Atendida;00:00:41;00:00:06;00:00:47;0,1;Terminado por 3CX-Montreal-Compras-Recepcao-11-3195-5324 (0098);
25/03/2021 08:32;3CX-Montreal-Compras-Recepcao-11-3195-5324 (0098);;2,62E+12;Atendida;00:00:39;00:00:04;00:00:43;0,07;Terminado por 3CX-Montreal-Compras-Recepcao-11-3195-5324 (0098);
25/03/2021 08:33;3CX-Montreal-Compras-Recepcao-11-3195-5324 (0098);;2,61998E+12;Atendida;00:00:39;00:00:16;00:00:55;0,27;Terminado por 3CX-Montreal-Compras-Recepcao-11-3195-5324 (0098);
25/03/2021 08:34;3CX-Montreal-Compras-Recepcao-11-3195-5324 (0098);;2,61999E+12;Atendida;00:00:38;00:00:07;00:00:45;0,13;Terminado por 3CX-Montreal-Compras-Recepcao-11-3195-5324 (0098);
25/03/2021 08:36;3CX-Montreal-Compras-Recepcao-11-3195-5324 (0098);;2,62E+12;Atendida;00:00:09;00:00:05;00:00:14;0,08;Terminado por 3CX-Montreal-Compras-Recepcao-11-3195-5324 (0098);
25/03/2021 08:36;3CX-Montreal-Compras-Recepcao-11-3195-5324 (0098);;2,62E+12;Atendida;00:00:26;00:00:06;00:00:32;0,1;Terminado por 3CX-Montreal-Compras-Recepcao-11-3195-5324 (0098);
25/03/2021 08:38;3CX-Montreal-Compras-Recepcao-11-3195-5324 (0098);;2,61998E+12;Atendida;00:00:16;00:00:09;00:00:25;0,15;Terminado por 3CX-Montreal-Compras-Recepcao-11-3195-5324 (0098);
25/03/2021 08:39;3CX-Montreal-Compras-Recepcao-11-3195-5324 (0098);;2,62E+12;Atendida;00:00:07;00:00:04;00:00:11;0,07;Terminado por 3CX-Montreal-Compras-Recepcao-11-3195-5324 (0098);
25/03/2021 08:39;3CX-Montreal-Compras-Recepcao-11-3195-5324 (0098);;2,61999E+12;Atendida;00:00:44;00:00:10;00:00:54;0,17;Terminado por 3CX-Montreal-Compras-Recepcao-11-3195-5324 (0098);
25/03/2021 08:41;3CX-Montreal-Compras-Recepcao-11-3195-5324 (0098);;2,61998E+12;Atendida;00:00:13;00:00:14;00:00:27;0,23;Terminado por 02619983653482;
25/03/2021 08:41;3CX-Montreal-Compras-Recepcao-11-3195-5324 (0098);;2,61999E+12;Atendida;00:00:13;00:00:04;00:00:17;0,07;Terminado por 3CX-Montreal-Compras-Recepcao-11-3195-5324 (0098);
25/03/2021 08:41;3CX-Montreal-Compras-Recepcao-11-3195-5324 (0098);;2,61999E+12;Atendida;00:00:42;00:00:23;00:01:05;0,38;Terminado por 3CX-Montreal-Compras-Recepcao-11-3195-5324 (0098);
25/03/2021 08:43;3CX-Montreal-Compras-Recepcao-11-3195-5324 (0098);;2,61998E+12;Atendida;00:00:19;00:00:10;00:00:29;0,17;Terminado por 3CX-Montreal-Compras-Recepcao-11-3195-5324 (0098);
25/03/2021 08:43;3CX-Montreal-Compras-Recepcao-11-3195-5324 (0098);;2,61999E+12;Atendida;00:00:40;00:00:03;00:00:43;0,05;Terminado por 3CX-Montreal-Compras-Recepcao-11-3195-5324 (0098);
25/03/2021 08:45;3CX-Montreal-Compras-Recepcao-11-3195-5324 (0098);;2,61998E+12;Atendida;00:00:41;00:00:08;00:00:49;0,13;Terminado por 3CX-Montreal-Compras-Recepcao-11-3195-5324 (0098);
25/03/2021 08:46;3CX-Montreal-Compras-Recepcao-11-3195-5324 (0098);;2,61999E+12;Atendida;00:00:24;00:00:49;00:01:13;0,82;Terminado por 3CX-Montreal-Compras-Recepcao-11-3195-5324 (0098);
25/03/2021 08:50;3CX-Montreal-Compras-Recepcao-11-3195-5324 (0098);;2,61998E+12;Atendida;00:00:10;00:00:30;00:00:40;0,5;Terminado por 3CX-Montreal-Compras-Recepcao-11-3195-5324 (0098);
25/03/2021 08:52;3CX-Montreal-Compras-Recepcao-11-3195-5324 (0098);;2,61999E+12;Atendida;00:00:18;00:00:12;00:00:30;0,2;Terminado por 3CX-Montreal-Compras-Recepcao-11-3195-5324 (0098);
25/03/2021 08:53;3CX-Montreal-Compras-Recepcao-11-3195-5324 (0098);;2,61999E+12;Atendida;00:00:19;00:00:10;00:00:29;0,17;Terminado por 3CX-Montreal-Compras-Recepcao-11-3195-5324 (0098);
25/03/2021 08:53;3CX-Montreal-Compras-Recepcao-11-3195-5324 (0098);;2,62E+12;Atendida;00:00:40;00:00:10;00:00:50;0,17;Terminado por 3CX-Montreal-Compras-Recepcao-11-3195-5324 (0098);
25/03/2021 08:55;3CX-Montreal-Compras-Recepcao-11-3195-5324 (0098);;2,61999E+12;Atendida;00:00:41;00:00:08;00:00:49;0,13;Terminado por 3CX-Montreal-Compras-Recepcao-11-3195-5324 (0098);
25/03/2021 09:06;3CX-Montreal-Compras-Recepcao-11-3195-5324 (0098);;2,61999E+12;Atendida;00:00:39;00:00:03;00:00:42;0,05;Terminado por 3CX-Montreal-Compras-Recepcao-11-3195-5324 (0098);
25/03/2021 09:08;3CX-Montreal-Compras-Recepcao-11-3195-5324 (0098);;2,61998E+12;Atendida;00:00:18;00:00:06;00:00:24;0,1;Terminado por 3CX-Montreal-Compras-Recepcao-11-3195-5324 (0098);
25/03/2021 09:09;3CX-Montreal-Compras-Recepcao-11-3195-5324 (0098);;2,61999E+12;Atendida;00:00:19;00:00:06;00:00:25;0,1;Terminado por 3CX-Montreal-Compras-Recepcao-11-3195-5324 (0098);
25/03/2021 09:10;3CX-Montreal-Compras-Recepcao-11-3195-5324 (0098);;2,61999E+12;Atendida;00:00:41;00:00:04;00:00:45;0,07;Terminado por 3CX-Montreal-Compras-Recepcao-11-3195-5324 (0098);
25/03/2021 09:10;3CX-Montreal-Compras-Recepcao-11-3195-5324 (0098);;2,61999E+12;Atendida;00:00:47;00:00:13;00:01:00;0,22;Terminado por 02619993259026;
25/03/2021 09:11;3CX-Montreal-Compras-Recepcao-11-3195-5324 (0098);;2,62E+12;Atendida;00:00:11;00:00:42;00:00:53;0,7;Terminado por 3CX-Montreal-Compras-Recepcao-11-3195-5324 (0098);
25/03/2021 09:11;3CX-Montreal-Compras-Recepcao-11-3195-5324 (0098);;2,61998E+12;Atendida;00:00:48;00:00:08;00:00:56;0,13;Terminado por 3CX-Montreal-Compras-Recepcao-11-3195-5324 (0098);
25/03/2021 09:12;3CX-Montreal-Compras-Recepcao-11-3195-5324 (0098);;2,61998E+12;Atendida;00:00:19;00:00:03;00:00:22;0,05;Terminado por 3CX-Montreal-Compras-Recepcao-11-3195-5324 (0098);
25/03/2021 09:13;3CX-Montreal-Compras-Recepcao-11-3195-5324 (0098);;2,61999E+12;Atendida;00:00:07;00:00:28;00:00:35;0,47;Terminado por 02619993848903;
25/03/2021 09:13;3CX-Montreal-Compras-Recepcao-11-3195-5324 (0098);;2,61999E+12;Atendida;00:00:08;00:00:30;00:00:38;0,5;Terminado por 3CX-Montreal-Compras-Recepcao-11-3195-5324 (0098);
25/03/2021 09:14;3CX-Montreal-Compras-Recepcao-11-3195-5324 (0098);;2,61999E+12;Atendida;00:00:39;00:00:10;00:00:49;0,17;Terminado por 3CX-Montreal-Compras-Recepcao-11-3195-5324 (0098);
25/03/2021 09:15;3CX-Montreal-Compras-Recepcao-11-3195-5324 (0098);;2,61998E+12;Atendida;00:00:14;00:00:31;00:00:45;0,52;Terminado por 3CX-Montreal-Compras-Recepcao-11-3195-5324 (0098);
25/03/2021 09:15;3CX-Montreal-Compras-Recepcao-11-3195-5324 (0098);;2,61999E+12;Atendida;00:00:40;00:00:02;00:00:42;0,03;Terminado por 3CX-Montreal-Compras-Recepcao-11-3195-5324 (0098);
25/03/2021 09:16;3CX-Montreal-Compras-Recepcao-11-3195-5324 (0098);;2,61999E+12;Atendida;00:00:36;00:00:10;00:00:46;0,17;Terminado por 3CX-Montreal-Compras-Recepcao-11-3195-5324 (0098);
25/03/2021 09:16;3CX-Montreal-Compras-Recepcao-11-3195-5324 (0098);;2,62E+12;Atendida;00:00:17;00:00:31;00:00:48;0,52;Terminado por 02619996254089;
25/03/2021 09:17;3CX-Montreal-Compras-Recepcao-11-3195-5324 (0098);;2,61999E+12;Atendida;00:00:46;00:00:28;00:01:14;0,47;Terminado por 02619988340970;
25/03/2021 09:19;3CX-Montreal-Compras-Recepcao-11-3195-5324 (0098);;2,62E+12;Atendida;00:00:05;00:00:08;00:00:13;0,13;Terminado por 3CX-Montreal-Compras-Recepcao-11-3195-5324 (0098);
25/03/2021 09:19;3CX-Montreal-Compras-Recepcao-11-3195-5324 (0098);;2,62E+12;Atendida;00:00:32;00:00:04;00:00:36;0,07;Terminado por 3CX-Montreal-Compras-Recepcao-11-3195-5324 (0098);
25/03/2021 09:19;3CX-Montreal-Compras-Recepcao-11-3195-5324 (0098);;2,62E+12;Atendida;00:00:25;00:00:06;00:00:31;0,1;Terminado por 3CX-Montreal-Compras-Recepcao-11-3195-5324 (0098);
25/03/2021 09:20;3CX-Montreal-Compras-Recepcao-11-3195-5324 (0098);;2,61999E+12;Atendida;00:00:38;00:00:05;00:00:43;0,08;Terminado por 3CX-Montreal-Compras-Recepcao-11-3195-5324 (0098);
25/03/2021 09:23;3CX-Montreal-Compras-Recepcao-11-3195-5324 (0098);;2,62E+12;Atendida;00:00:42;00:00:04;00:00:46;0,07;Terminado por 3CX-Montreal-Compras-Recepcao-11-3195-5324 (0098);
25/03/2021 09:23;3CX-Montreal-Compras-Recepcao-11-3195-5324 (0098);;2,61999E+12;Atendida;00:00:39;00:00:08;00:00:47;0,13;Terminado por 3CX-Montreal-Compras-Recepcao-11-3195-5324 (0098);
25/03/2021 09:25;3CX-Montreal-Compras-Recepcao-11-3195-5324 (0098);;2,61999E+12;Atendida;00:00:17;00:00:42;00:00:59;0,7;Terminado por 02619988382173;
25/03/2021 09:28;3CX-Montreal-Compras-Recepcao-11-3195-5324 (0098);;2,61999E+12;Atendida;00:00:12;00:00:11;00:00:23;0,18;Terminado por 02619991220137;
25/03/2021 09:27;3CX-Montreal-Compras-Recepcao-11-3195-5324 (0098);;2,61998E+12;Atendida;00:00:24;00:01:20;00:01:44;1,33;Terminado por 3CX-Montreal-Compras-Recepcao-11-3195-5324 (0098);
25/03/2021 09:29;3CX-Montreal-Compras-Recepcao-11-3195-5324 (0098);;2,61999E+12;Atendida;00:00:17;00:00:12;00:00:29;0,2;Terminado por 02619991220137;
25/03/2021 09:30;3CX-Montreal-Compras-Recepcao-11-3195-5324 (0098);;2,61999E+12;Atendida;00:00:15;00:00:08;00:00:23;0,13;Terminado por 3CX-Montreal-Compras-Recepcao-11-3195-5324 (0098);
25/03/2021 09:31;3CX-Montreal-Compras-Recepcao-11-3195-5324 (0098);;2,61999E+12;Atendida;00:00:41;00:00:10;00:00:51;0,17;Terminado por 3CX-Montreal-Compras-Recepcao-11-3195-5324 (0098);
25/03/2021 09:33;3CX-Montreal-Compras-Recepcao-11-3195-5324 (0098);;2,61999E+12;Atendida;00:00:14;00:00:07;00:00:21;0,12;Terminado por 3CX-Montreal-Compras-Recepcao-11-3195-5324 (0098);
25/03/2021 09:33;3CX-Montreal-Compras-Recepcao-11-3195-5324 (0098);;2,61999E+12;Atendida;00:00:16;00:00:36;00:00:52;0,6;Terminado por 02619991218254;
25/03/2021 09:34;3CX-Montreal-Compras-Recepcao-11-3195-5324 (0098);;2,61998E+12;Atendida;00:00:13;00:00:16;00:00:29;0,27;Terminado por 3CX-Montreal-Compras-Recepcao-11-3195-5324 (0098);
25/03/2021 09:35;3CX-Montreal-Compras-Recepcao-11-3195-5324 (0098);;2,62E+12;Atendida;00:00:19;00:00:33;00:00:52;0,55;Terminado por 02619995605342;
25/03/2021 09:37;3CX-Montreal-Compras-Recepcao-11-3195-5324 (0098);;2,61998E+12;Atendida;00:00:12;00:00:27;00:00:39;0,45;Terminado por 02619981229313;
25/03/2021 09:40;3CX-Montreal-Compras-Recepcao-11-3195-5324 (0098);;2,61998E+12;Atendida;00:00:20;00:00:42;00:01:02;0,7;Terminado por 3CX-Montreal-Compras-Recepcao-11-3195-5324 (0098);
25/03/2021 09:42;3CX-Montreal-Compras-Recepcao-11-3195-5324 (0098);;2,61999E+12;Atendida;00:00:39;00:00:12;00:00:51;0,2;Terminado por 3CX-Montreal-Compras-Recepcao-11-3195-5324 (0098);
25/03/2021 09:42;3CX-Montreal-Compras-Recepcao-11-3195-5324 (0098);;2,61999E+12;Atendida;00:00:16;00:00:40;00:00:56;0,67;Terminado por 3CX-Montreal-Compras-Recepcao-11-3195-5324 (0098);
25/03/2021 09:43;3CX-Montreal-Compras-Recepcao-11-3195-5324 (0098);;2,61999E+12;Atendida;00:00:20;00:00:46;00:01:06;0,77;Terminado por 3CX-Montreal-Compras-Recepcao-11-3195-5324 (0098);
25/03/2021 09:43;3CX-Montreal-Compras-Recepcao-11-3195-5324 (0098);;2,61998E+12;Atendida;00:00:25;00:00:30;00:00:55;0,5;Terminado por 3CX-Montreal-Compras-Recepcao-11-3195-5324 (0098);
25/03/2021 09:46;3CX-Montreal-Compras-Recepcao-11-3195-5324 (0098);;2,62E+12;Atendida;00:00:19;00:00:10;00:00:29;0,17;Terminado por 3CX-Montreal-Compras-Recepcao-11-3195-5324 (0098);
25/03/2021 09:46;3CX-Montreal-Compras-Recepcao-11-3195-5324 (0098);;2,61999E+12;Atendida;00:00:18;00:00:29;00:00:47;0,48;Terminado por 3CX-Montreal-Compras-Recepcao-11-3195-5324 (0098);
25/03/2021 09:46;3CX-Montreal-Compras-Recepcao-11-3195-5324 (0098);;2,62E+12;Atendida;00:00:22;00:00:53;00:01:15;0,88;Terminado por 02619995502891;
25/03/2021 09:48;3CX-Montreal-Compras-Recepcao-11-3195-5324 (0098);;2,61999E+12;Atendida;00:00:27;00:00:41;00:01:08;0,68;Terminado por 02619989490089;
25/03/2021 09:48;3CX-Montreal-Compras-Recepcao-11-3195-5324 (0098);;2,62E+12;Atendida;00:00:34;00:01:54;00:02:28;1,9;Terminado por 3CX-Montreal-Compras-Recepcao-11-3195-5324 (0098);
25/03/2021 09:50;3CX-Montreal-Compras-Recepcao-11-3195-5324 (0098);;2,62E+12;Atendida;00:00:27;00:00:05;00:00:32;0,08;Terminado por 3CX-Montreal-Compras-Recepcao-11-3195-5324 (0098);
25/03/2021 09:52;3CX-Montreal-Compras-Recepcao-11-3195-5324 (0098);;2,61999E+12;Atendida;00:00:41;00:00:18;00:00:59;0,3;Terminado por 3CX-Montreal-Compras-Recepcao-11-3195-5324 (0098);
25/03/2021 09:53;3CX-Montreal-Compras-Recepcao-11-3195-5324 (0098);;2,61998E+12;Atendida;00:00:08;00:00:33;00:00:41;0,55;Terminado por 02619982654622;
25/03/2021 09:54;3CX-Montreal-Compras-Recepcao-11-3195-5324 (0098);;2,61999E+12;Atendida;00:00:18;00:00:06;00:00:24;0,1;Terminado por 3CX-Montreal-Compras-Recepcao-11-3195-5324 (0098);
25/03/2021 09:55;3CX-Montreal-Compras-Recepcao-11-3195-5324 (0098);;2,61997E+12;Atendida;00:00:41;00:00:07;00:00:48;0,12;Terminado por 3CX-Montreal-Compras-Recepcao-11-3195-5324 (0098);
25/03/2021 09:56;3CX-Montreal-Compras-Recepcao-11-3195-5324 (0098);;2,61999E+12;Atendida;00:00:30;00:00:46;00:01:16;0,77;Terminado por 02619987605129;
25/03/2021 09:58;3CX-Montreal-Compras-Recepcao-11-3195-5324 (0098);;2,62E+12;Atendida;00:00:20;00:00:34;00:00:54;0,57;Terminado por 3CX-Montreal-Compras-Recepcao-11-3195-5324 (0098);
25/03/2021 10:00;3CX-Montreal-Compras-Recepcao-11-3195-5324 (0098);;2,61998E+12;Atendida;00:00:18;00:00:52;00:01:10;0,87;Terminado por 3CX-Montreal-Compras-Recepcao-11-3195-5324 (0098);
25/03/2021 10:03;3CX-Montreal-Compras-Recepcao-11-3195-5324 (0098);;2,61998E+12;Atendida;00:00:14;00:08:46;00:09:00;8,77;Terminado por 3CX-Montreal-Compras-Recepcao-11-3195-5324 (0098);
25/03/2021 10:11;3CX-Montreal-Compras-Recepcao-11-3195-5324 (0098);;2,61999E+12;Atendida;00:00:13;00:01:36;00:01:49;1,6;Terminado por 3CX-Montreal-Compras-Recepcao-11-3195-5324 (0098);
25/03/2021 10:15;3CX-Montreal-Compras-Recepcao-11-3195-5324 (0098);;2,61999E+12;Atendida;00:00:43;00:00:05;00:00:48;0,08;Terminado por 3CX-Montreal-Compras-Recepcao-11-3195-5324 (0098);
25/03/2021 10:16;3CX-Montreal-Compras-Recepcao-11-3195-5324 (0098);;2,61998E+12;Atendida;00:00:14;00:00:04;00:00:18;0,07;Terminado por 3CX-Montreal-Compras-Recepcao-11-3195-5324 (0098);
25/03/2021 10:17;3CX-Montreal-Compras-Recepcao-11-3195-5324 (0098);;2,61999E+12;Atendida;00:00:24;00:00:07;00:00:31;0,12;Terminado por 02619988254889;
25/03/2021 10:16;3CX-Montreal-Compras-Recepcao-11-3195-5324 (0098);;2,61998E+12;Atendida;00:00:23;00:00:37;00:01:00;0,62;Terminado por 3CX-Montreal-Compras-Recepcao-11-3195-5324 (0098);
25/03/2021 10:17;3CX-Montreal-Compras-Recepcao-11-3195-5324 (0098);;2,61999E+12;Atendida;00:00:11;00:00:06;00:00:17;0,1;Terminado por 02619988254889;
25/03/2021 10:18;3CX-Montreal-Compras-Recepcao-11-3195-5324 (0098);;2,61999E+12;Atendida;00:00:14;00:00:10;00:00:24;0,17;Terminado por 3CX-Montreal-Compras-Recepcao-11-3195-5324 (0098);
25/03/2021 10:18;3CX-Montreal-Compras-Recepcao-11-3195-5324 (0098);;2,61999E+12;Atendida;00:00:23;00:00:08;00:00:31;0,13;Terminado por 02619994072248;
25/03/2021 10:19;3CX-Montreal-Compras-Recepcao-11-3195-5324 (0098);;2,61999E+12;Atendida;00:00:27;00:01:08;00:01:35;1,13;Terminado por 3CX-Montreal-Compras-Recepcao-11-3195-5324 (0098);
25/03/2021 10:21;3CX-Montreal-Compras-Recepcao-11-3195-5324 (0098);;2,62E+12;Atendida;00:00:41;00:00:05;00:00:46;0,08;Terminado por 3CX-Montreal-Compras-Recepcao-11-3195-5324 (0098);
25/03/2021 10:22;3CX-Montreal-Compras-Recepcao-11-3195-5324 (0098);;2,61999E+12;Atendida;00:00:17;00:00:01;00:00:18;0,02;Terminado por 3CX-Montreal-Compras-Recepcao-11-3195-5324 (0098);
25/03/2021 10:22;3CX-Montreal-Compras-Recepcao-11-3195-5324 (0098);;2,61934E+11;Atendida;00:00:45;00:00:07;00:00:52;0,12;Terminado por 3CX-Montreal-Compras-Recepcao-11-3195-5324 (0098);
25/03/2021 10:24;3CX-Montreal-Compras-Recepcao-11-3195-5324 (0098);;2,61999E+12;Atendida;00:00:12;00:00:10;00:00:22;0,17;Terminado por 3CX-Montreal-Compras-Recepcao-11-3195-5324 (0098);
25/03/2021 10:24;3CX-Montreal-Compras-Recepcao-11-3195-5324 (0098);;2,61999E+12;Atendida;00:00:13;00:00:11;00:00:24;0,18;Terminado por 3CX-Montreal-Compras-Recepcao-11-3195-5324 (0098);
25/03/2021 10:25;3CX-Montreal-Compras-Recepcao-11-3195-5324 (0098);;2,61998E+12;Atendida;00:00:09;00:00:53;00:01:02;0,88;Terminado por 3CX-Montreal-Compras-Recepcao-11-3195-5324 (0098);
25/03/2021 10:25;3CX-Montreal-Compras-Recepcao-11-3195-5324 (0098);;2,61998E+12;Atendida;00:00:14;00:01:00;00:01:14;1;Terminado por 02619983948789;
25/03/2021 10:27;3CX-Montreal-Compras-Recepcao-11-3195-5324 (0098);;2,61998E+12;Atendida;00:00:08;00:00:48;00:00:56;0,8;Terminado por 02619983452341;
25/03/2021 10:28;3CX-Montreal-Compras-Recepcao-11-3195-5324 (0098);;2,61999E+12;Atendida;00:00:40;00:00:16;00:00:56;0,27;Terminado por 02619991820427;
25/03/2021 10:28;3CX-Montreal-Compras-Recepcao-11-3195-5324 (0098);;2,62E+12;Atendida;00:00:18;00:00:47;00:01:05;0,78;Terminado por 3CX-Montreal-Compras-Recepcao-11-3195-5324 (0098);
25/03/2021 10:31;3CX-Montreal-Compras-Recepcao-11-3195-5324 (0098);;2,61999E+12;Atendida;00:00:27;00:00:32;00:00:59;0,53;Terminado por 3CX-Montreal-Compras-Recepcao-11-3195-5324 (0098);
25/03/2021 10:31;3CX-Montreal-Compras-Recepcao-11-3195-5324 (0098);;2,62E+12;Atendida;00:00:15;00:00:34;00:00:49;0,57;Terminado por 3CX-Montreal-Compras-Recepcao-11-3195-5324 (0098);
25/03/2021 10:32;3CX-Montreal-Compras-Recepcao-11-3195-5324 (0098);;2,62E+12;Atendida;00:00:09;00:00:39;00:00:48;0,65;Terminado por 3CX-Montreal-Compras-Recepcao-11-3195-5324 (0098);
25/03/2021 10:34;3CX-Montreal-Compras-Recepcao-11-3195-5324 (0098);;2,61999E+12;Atendida;00:00:18;00:00:09;00:00:27;0,15;Terminado por 3CX-Montreal-Compras-Recepcao-11-3195-5324 (0098);
25/03/2021 10:37;3CX-Montreal-Compras-Recepcao-11-3195-5324 (0098);;2,61999E+12;Atendida;00:00:40;00:00:09;00:00:49;0,15;Terminado por 3CX-Montreal-Compras-Recepcao-11-3195-5324 (0098);
25/03/2021 10:38;3CX-Montreal-Compras-Recepcao-11-3195-5324 (0098);;2,61999E+12;Atendida;00:00:21;00:00:36;00:00:57;0,6;Terminado por 3CX-Montreal-Compras-Recepcao-11-3195-5324 (0098);
25/03/2021 10:49;3CX-Montreal-Compras-Recepcao-11-3195-5324 (0098);;2,61999E+12;Atendida;00:00:13;00:00:16;00:00:29;0,27;Terminado por 02619994313114;
25/03/2021 10:52;3CX-Montreal-Compras-Recepcao-11-3195-5324 (0098);;2,61999E+12;Atendida;00:00:07;00:00:11;00:00:18;0,18;Terminado por 3CX-Montreal-Compras-Recepcao-11-3195-5324 (0098);
25/03/2021 10:55;3CX-Montreal-Compras-Recepcao-11-3195-5324 (0098);;2,61998E+12;Atendida;00:00:09;00:01:31;00:01:40;1,52;Terminado por 02619981665314;
25/03/2021 10:59;3CX-Montreal-Compras-Recepcao-11-3195-5324 (0098);;2,62E+12;Atendida;00:00:42;00:00:10;00:00:52;0,17;Terminado por 3CX-Montreal-Compras-Recepcao-11-3195-5324 (0098);
25/03/2021 11:00;3CX-Montreal-Compras-Recepcao-11-3195-5324 (0098);;2,61998E+12;Atendida;00:00:14;00:00:37;00:00:51;0,62;Terminado por 02619983229399;
25/03/2021 11:01;3CX-Montreal-Compras-Recepcao-11-3195-5324 (0098);;2,61999E+12;Atendida;00:00:13;00:00:40;00:00:53;0,67;Terminado por 02619987116542;
25/03/2021 11:10;3CX-Montreal-Compras-Recepcao-11-3195-5324 (0098);;2,61999E+12;Atendida;00:00:14;00:00:13;00:00:27;0,22;Terminado por 3CX-Montreal-Compras-Recepcao-11-3195-5324 (0098);
25/03/2021 11:11;3CX-Montreal-Compras-Recepcao-11-3195-5324 (0098);;2,61998E+12;Atendida;00:00:42;00:00:13;00:00:55;0,22;Terminado por 02619981257143;
25/03/2021 11:17;3CX-Montreal-Compras-Recepcao-11-3195-5324 (0098);;2,61999E+12;Atendida;00:00:42;00:00:13;00:00:55;0,22;Terminado por 3CX-Montreal-Compras-Recepcao-11-3195-5324 (0098);
25/03/2021 11:18;3CX-Montreal-Compras-Recepcao-11-3195-5324 (0098);;2,61999E+12;Atendida;00:00:27;00:00:12;00:00:39;0,2;Terminado por 3CX-Montreal-Compras-Recepcao-11-3195-5324 (0098);
25/03/2021 11:19;3CX-Montreal-Compras-Recepcao-11-3195-5324 (0098);;2,61999E+12;Atendida;00:00:12;00:00:40;00:00:52;0,67;Terminado por 3CX-Montreal-Compras-Recepcao-11-3195-5324 (0098);
25/03/2021 11:22;3CX-Montreal-Compras-Recepcao-11-3195-5324 (0098);;2,61998E+12;Atendida;00:00:17;00:00:51;00:01:08;0,85;Terminado por 02619981326719;
25/03/2021 11:23;3CX-Montreal-Compras-Recepcao-11-3195-5324 (0098);;2,61999E+12;Atendida;00:00:38;00:00:12;00:00:50;0,2;Terminado por 02619989200981;
25/03/2021 11:26;3CX-Montreal-Compras-Recepcao-11-3195-5324 (0098);;2,61999E+12;Atendida;00:00:19;00:00:14;00:00:33;0,23;Terminado por 02619987253568;
25/03/2021 11:26;3CX-Montreal-Compras-Recepcao-11-3195-5324 (0098);;2,62E+12;Atendida;00:00:40;00:00:04;00:00:44;0,07;Terminado por 3CX-Montreal-Compras-Recepcao-11-3195-5324 (0098);
25/03/2021 11:29;3CX-Montreal-Compras-Recepcao-11-3195-5324 (0098);;2,61999E+12;Atendida;00:00:19;00:00:11;00:00:30;0,18;Terminado por 3CX-Montreal-Compras-Recepcao-11-3195-5324 (0098);
25/03/2021 11:50;3CX-Montreal-Compras-Recepcao-11-3195-5324 (0098);;2,62E+12;Atendida;00:00:22;00:00:07;00:00:29;0,12;Terminado por 3CX-Montreal-Compras-Recepcao-11-3195-5324 (0098);
25/03/2021 11:51;3CX-Montreal-Compras-Recepcao-11-3195-5324 (0098);;2,62E+12;Atendida;00:00:10;00:00:27;00:00:37;0,45;Terminado por 3CX-Montreal-Compras-Recepcao-11-3195-5324 (0098);
25/03/2021 13:16;3CX-Montreal-Compras-Recepcao-11-3195-5324 (0098);;2,61998E+12;Atendida;00:00:44;00:00:11;00:00:55;0,18;Terminado por 3CX-Montreal-Compras-Recepcao-11-3195-5324 (0098);
25/03/2021 13:17;3CX-Montreal-Compras-Recepcao-11-3195-5324 (0098);;2,61998E+12;Atendida;00:00:17;00:00:12;00:00:29;0,2;Terminado por 3CX-Montreal-Compras-Recepcao-11-3195-5324 (0098);
25/03/2021 13:18;3CX-Montreal-Compras-Recepcao-11-3195-5324 (0098);;2,61998E+12;Atendida;00:00:12;00:00:20;00:00:32;0,33;Terminado por 3CX-Montreal-Compras-Recepcao-11-3195-5324 (0098);
25/03/2021 13:19;3CX-Montreal-Compras-Recepcao-11-3195-5324 (0098);;2,61999E+12;Atendida;00:00:13;00:00:27;00:00:40;0,45;Terminado por 3CX-Montreal-Compras-Recepcao-11-3195-5324 (0098);
25/03/2021 13:20;3CX-Montreal-Compras-Recepcao-11-3195-5324 (0098);;2,61999E+12;Atendida;00:00:35;00:00:34;00:01:09;0,57;Terminado por 02619988730040;
25/03/2021 13:22;3CX-Montreal-Compras-Recepcao-11-3195-5324 (0098);;2,61997E+12;Atendida;00:00:27;00:01:53;00:02:20;1,88;Terminado por 3CX-Montreal-Compras-Recepcao-11-3195-5324 (0098);
25/03/2021 13:27;3CX-Montreal-Compras-Recepcao-11-3195-5324 (0098);;2,61999E+12;Atendida;00:00:14;00:00:08;00:00:22;0,13;Terminado por 3CX-Montreal-Compras-Recepcao-11-3195-5324 (0098);
25/03/2021 13:27;3CX-Montreal-Compras-Recepcao-11-3195-5324 (0098);;2,61998E+12;Atendida;00:00:40;00:00:07;00:00:47;0,12;Terminado por 3CX-Montreal-Compras-Recepcao-11-3195-5324 (0098);
25/03/2021 13:29;3CX-Montreal-Compras-Recepcao-11-3195-5324 (0098);;2,62E+12;Atendida;00:00:41;00:00:04;00:00:45;0,07;Terminado por 3CX-Montreal-Compras-Recepcao-11-3195-5324 (0098);
25/03/2021 13:32;3CX-Montreal-Compras-Recepcao-11-3195-5324 (0098);;2,61999E+12;Atendida;00:00:14;00:00:45;00:00:59;0,75;Terminado por 02619992712231;
25/03/2021 13:33;3CX-Montreal-Compras-Recepcao-11-3195-5324 (0098);;2,61999E+12;Atendida;00:00:39;00:00:04;00:00:43;0,07;Terminado por 3CX-Montreal-Compras-Recepcao-11-3195-5324 (0098);
25/03/2021 13:35;3CX-Montreal-Compras-Recepcao-11-3195-5324 (0098);;2,62E+12;Atendida;00:00:12;00:00:07;00:00:19;0,12;Terminado por 3CX-Montreal-Compras-Recepcao-11-3195-5324 (0098);
25/03/2021 13:36;3CX-Montreal-Compras-Recepcao-11-3195-5324 (0098);;2,61998E+12;Atendida;00:00:33;00:00:16;00:00:49;0,27;Terminado por 3CX-Montreal-Compras-Recepcao-11-3195-5324 (0098);
25/03/2021 13:37;3CX-Montreal-Compras-Recepcao-11-3195-5324 (0098);;2,61998E+12;Atendida;00:00:12;00:00:21;00:00:33;0,35;Terminado por 3CX-Montreal-Compras-Recepcao-11-3195-5324 (0098);
25/03/2021 13:38;3CX-Montreal-Compras-Recepcao-11-3195-5324 (0098);;2,61999E+12;Atendida;00:00:41;00:00:10;00:00:51;0,17;Terminado por 3CX-Montreal-Compras-Recepcao-11-3195-5324 (0098);
25/03/2021 13:39;3CX-Montreal-Compras-Recepcao-11-3195-5324 (0098);;2,61999E+12;Atendida;00:00:25;00:00:40;00:01:05;0,67;Terminado por 3CX-Montreal-Compras-Recepcao-11-3195-5324 (0098);
25/03/2021 13:41;3CX-Montreal-Compras-Recepcao-11-3195-5324 (0098);;2,61999E+12;Atendida;00:00:35;00:00:47;00:01:22;0,78;Terminado por 3CX-Montreal-Compras-Recepcao-11-3195-5324 (0098);
25/03/2021 13:51;3CX-Montreal-Compras-Recepcao-11-3195-5324 (0098);;2,61999E+12;Atendida;00:00:17;00:00:29;00:00:46;0,48;Terminado por 3CX-Montreal-Compras-Recepcao-11-3195-5324 (0098);
25/03/2021 13:54;3CX-Montreal-Compras-Recepcao-11-3195-5324 (0098);;2,61999E+12;Atendida;00:00:39;00:00:13;00:00:52;0,22;Terminado por 3CX-Montreal-Compras-Recepcao-11-3195-5324 (0098);
25/03/2021 13:55;3CX-Montreal-Compras-Recepcao-11-3195-5324 (0098);;2,61998E+12;Atendida;00:00:11;00:00:23;00:00:34;0,38;Terminado por 3CX-Montreal-Compras-Recepcao-11-3195-5324 (0098);
25/03/2021 13:56;3CX-Montreal-Compras-Recepcao-11-3195-5324 (0098);;2,62E+12;Atendida;00:00:36;00:00:03;00:00:39;0,05;Terminado por 02619999462084;
25/03/2021 13:58;3CX-Montreal-Compras-Recepcao-11-3195-5324 (0098);;2,61998E+12;Atendida;00:00:12;00:00:47;00:00:59;0,78;Terminado por 3CX-Montreal-Compras-Recepcao-11-3195-5324 (0098);
25/03/2021 14:01;3CX-Montreal-Compras-Recepcao-11-3195-5324 (0098);;2,61998E+12;Atendida;00:00:20;00:00:20;00:00:40;0,33;Terminado por 3CX-Montreal-Compras-Recepcao-11-3195-5324 (0098);
25/03/2021 14:02;3CX-Montreal-Compras-Recepcao-11-3195-5324 (0098);;2,61998E+12;Atendida;00:00:09;00:00:21;00:00:30;0,35;Terminado por 3CX-Montreal-Compras-Recepcao-11-3195-5324 (0098);
25/03/2021 14:03;3CX-Montreal-Compras-Recepcao-11-3195-5324 (0098);;2,61999E+12;Atendida;00:00:13;00:00:10;00:00:23;0,17;Terminado por 3CX-Montreal-Compras-Recepcao-11-3195-5324 (0098);
25/03/2021 14:06;3CX-Montreal-Compras-Recepcao-11-3195-5324 (0098);;2,61998E+12;Atendida;00:00:33;00:00:39;00:01:12;0,65;Terminado por 3CX-Montreal-Compras-Recepcao-11-3195-5324 (0098);
25/03/2021 14:07;3CX-Montreal-Compras-Recepcao-11-3195-5324 (0098);;2,61999E+12;Atendida;00:00:08;00:00:04;00:00:12;0,07;Terminado por 3CX-Montreal-Compras-Recepcao-11-3195-5324 (0098);
25/03/2021 14:08;3CX-Montreal-Compras-Recepcao-11-3195-5324 (0098);;2,61998E+12;Atendida;00:00:29;00:00:42;00:01:11;0,7;Terminado por 3CX-Montreal-Compras-Recepcao-11-3195-5324 (0098);
25/03/2021 14:10;3CX-Montreal-Compras-Recepcao-11-3195-5324 (0098);;2,61997E+12;Atendida;00:00:42;00:00:04;00:00:46;0,07;Terminado por 3CX-Montreal-Compras-Recepcao-11-3195-5324 (0098);
25/03/2021 14:11;3CX-Montreal-Compras-Recepcao-11-3195-5324 (0098);;2,61999E+12;Atendida;00:00:07;00:00:03;00:00:10;0,05;Terminado por 3CX-Montreal-Compras-Recepcao-11-3195-5324 (0098);
25/03/2021 14:13;3CX-Montreal-Compras-Recepcao-11-3195-5324 (0098);;2,61997E+12;Atendida;00:00:41;00:00:04;00:00:45;0,07;Terminado por 3CX-Montreal-Compras-Recepcao-11-3195-5324 (0098);
25/03/2021 14:14;3CX-Montreal-Compras-Recepcao-11-3195-5324 (0098);;2,62E+12;Atendida;00:00:40;00:00:06;00:00:46;0,1;Terminado por 3CX-Montreal-Compras-Recepcao-11-3195-5324 (0098);
25/03/2021 14:16;3CX-Montreal-Compras-Recepcao-11-3195-5324 (0098);;2,62E+12;Atendida;00:00:19;00:00:05;00:00:24;0,08;Terminado por 3CX-Montreal-Compras-Recepcao-11-3195-5324 (0098);
25/03/2021 14:18;3CX-Montreal-Compras-Recepcao-11-3195-5324 (0098);;2,61999E+12;Atendida;00:00:05;00:00:10;00:00:15;0,17;Terminado por 3CX-Montreal-Compras-Recepcao-11-3195-5324 (0098);
25/03/2021 14:19;3CX-Montreal-Compras-Recepcao-11-3195-5324 (0098);;2,62E+12;Atendida;00:00:23;00:00:25;00:00:48;0,42;Terminado por 3CX-Montreal-Compras-Recepcao-11-3195-5324 (0098);
25/03/2021 14:20;3CX-Montreal-Compras-Recepcao-11-3195-5324 (0098);;2,61998E+12;Atendida;00:00:26;00:00:35;00:01:01;0,58;Terminado por 3CX-Montreal-Compras-Recepcao-11-3195-5324 (0098);
25/03/2021 14:22;3CX-Montreal-Compras-Recepcao-11-3195-5324 (0098);;2,61998E+12;Atendida;00:00:44;00:00:15;00:00:59;0,25;Terminado por 3CX-Montreal-Compras-Recepcao-11-3195-5324 (0098);
25/03/2021 14:25;3CX-Montreal-Compras-Recepcao-11-3195-5324 (0098);;2,61999E+12;Atendida;00:00:05;00:00:10;00:00:15;0,17;Terminado por 3CX-Montreal-Compras-Recepcao-11-3195-5324 (0098);
25/03/2021 14:28;3CX-Montreal-Compras-Recepcao-11-3195-5324 (0098);;2,61998E+12;Atendida;00:00:09;00:00:18;00:00:27;0,3;Terminado por 02619981554357;
25/03/2021 14:29;3CX-Montreal-Compras-Recepcao-11-3195-5324 (0098);;2,62E+12;Atendida;00:00:39;00:00:12;00:00:51;0,2;Terminado por 3CX-Montreal-Compras-Recepcao-11-3195-5324 (0098);
25/03/2021 15:18;3CX-Montreal-Compras-Recepcao-11-3195-5324 (0098);;2,61998E+12;Atendida;00:00:09;00:01:23;00:01:32;1,38;Terminado por 3CX-Montreal-Compras-Recepcao-11-3195-5324 (0098);
26/03/2021 08:20;3CX-Montreal-Compras-Recepcao-11-3195-5324 (0098);;2,61999E+12;Atendida;00:00:38;00:00:11;00:00:49;0,18;Terminado por 3CX-Montreal-Compras-Recepcao-11-3195-5324 (0098);
26/03/2021 08:23;3CX-Montreal-Compras-Recepcao-11-3195-5324 (0098);;2,61999E+12;Atendida;00:00:23;00:00:04;00:00:27;0,07;Terminado por 3CX-Montreal-Compras-Recepcao-11-3195-5324 (0098);
26/03/2021 08:24;3CX-Montreal-Compras-Recepcao-11-3195-5324 (0098);;2,61998E+12;Atendida;00:00:24;00:00:28;00:00:52;0,47;Terminado por 02619981948962;
26/03/2021 08:28;3CX-Montreal-Compras-Recepcao-11-3195-5324 (0098);;2,62E+12;Atendida;00:00:13;00:00:38;00:00:51;0,63;Terminado por 3CX-Montreal-Compras-Recepcao-11-3195-5324 (0098);
26/03/2021 08:34;3CX-Montreal-Compras-Recepcao-11-3195-5324 (0098);;2,61999E+12;Atendida;00:00:17;00:00:04;00:00:21;0,07;Terminado por 3CX-Montreal-Compras-Recepcao-11-3195-5324 (0098);
26/03/2021 08:36;3CX-Montreal-Compras-Recepcao-11-3195-5324 (0098);;2,61998E+12;Atendida;00:00:12;00:00:12;00:00:24;0,2;Terminado por 3CX-Montreal-Compras-Recepcao-11-3195-5324 (0098);
26/03/2021 08:37;3CX-Montreal-Compras-Recepcao-11-3195-5324 (0098);;2,61999E+12;Atendida;00:00:17;00:00:45;00:01:02;0,75;Terminado por 3CX-Montreal-Compras-Recepcao-11-3195-5324 (0098);
26/03/2021 08:39;3CX-Montreal-Compras-Recepcao-11-3195-5324 (0098);;2,62E+12;Atendida;00:00:29;00:00:04;00:00:33;0,07;Terminado por 3CX-Montreal-Compras-Recepcao-11-3195-5324 (0098);
26/03/2021 08:40;3CX-Montreal-Compras-Recepcao-11-3195-5324 (0098);;2,61999E+12;Atendida;00:00:41;00:00:04;00:00:45;0,07;Terminado por 3CX-Montreal-Compras-Recepcao-11-3195-5324 (0098);
26/03/2021 08:41;3CX-Montreal-Compras-Recepcao-11-3195-5324 (0098);;2,61999E+12;Atendida;00:00:17;00:00:27;00:00:44;0,45;Terminado por 3CX-Montreal-Compras-Recepcao-11-3195-5324 (0098);
26/03/2021 08:42;3CX-Montreal-Compras-Recepcao-11-3195-5324 (0098);;2,62E+12;Atendida;00:00:41;00:00:06;00:00:47;0,1;Terminado por 3CX-Montreal-Compras-Recepcao-11-3195-5324 (0098);
26/03/2021 08:55;3CX-Montreal-Compras-Recepcao-11-3195-5324 (0098);;2,61999E+12;Atendida;00:00:14;00:00:36;00:00:50;0,6;Terminado por 3CX-Montreal-Compras-Recepcao-11-3195-5324 (0098);
26/03/2021 08:56;3CX-Montreal-Compras-Recepcao-11-3195-5324 (0098);;2,62E+12;Atendida;00:00:12;00:00:04;00:00:16;0,07;Terminado por 3CX-Montreal-Compras-Recepcao-11-3195-5324 (0098);
26/03/2021 08:57;3CX-Montreal-Compras-Recepcao-11-3195-5324 (0098);;2,61999E+12;Atendida;00:00:40;00:00:03;00:00:43;0,05;Terminado por 3CX-Montreal-Compras-Recepcao-11-3195-5324 (0098);
26/03/2021 08:59;3CX-Montreal-Compras-Recepcao-11-3195-5324 (0098);;2,61939E+11;Atendida;00:00:28;00:00:13;00:00:41;0,22;Terminado por 3CX-Montreal-Compras-Recepcao-11-3195-5324 (0098);
26/03/2021 09:00;3CX-Montreal-Compras-Recepcao-11-3195-5324 (0098);;2,61998E+12;Atendida;00:00:43;00:00:13;00:00:56;0,22;Terminado por 3CX-Montreal-Compras-Recepcao-11-3195-5324 (0098);
26/03/2021 09:01;3CX-Montreal-Compras-Recepcao-11-3195-5324 (0098);;2,61999E+12;Atendida;00:00:04;00:00:08;00:00:12;0,13;Terminado por 3CX-Montreal-Compras-Recepcao-11-3195-5324 (0098);
26/03/2021 09:01;3CX-Montreal-Compras-Recepcao-11-3195-5324 (0098);;2,61998E+12;Atendida;00:00:14;00:00:58;00:01:12;0,97;Terminado por 3CX-Montreal-Compras-Recepcao-11-3195-5324 (0098);
26/03/2021 09:03;3CX-Montreal-Compras-Recepcao-11-3195-5324 (0098);;2,61999E+12;Atendida;00:00:15;00:02:17;00:02:32;2,28;Terminado por 02619988298669;
26/03/2021 09:06;3CX-Montreal-Compras-Recepcao-11-3195-5324 (0098);;2,61999E+12;Atendida;00:00:21;00:01:05;00:01:26;1,08;Terminado por 3CX-Montreal-Compras-Recepcao-11-3195-5324 (0098);
26/03/2021 09:08;3CX-Montreal-Compras-Recepcao-11-3195-5324 (0098);;2,61998E+12;Atendida;00:00:41;00:00:12;00:00:53;0,2;Terminado por 02619983223705;
26/03/2021 09:10;3CX-Montreal-Compras-Recepcao-11-3195-5324 (0098);;2,62E+12;Atendida;00:00:40;00:00:05;00:00:45;0,08;Terminado por 3CX-Montreal-Compras-Recepcao-11-3195-5324 (0098);
26/03/2021 09:11;3CX-Montreal-Compras-Recepcao-11-3195-5324 (0098);;2,62E+12;Atendida;00:00:28;00:01:31;00:01:59;1,52;Terminado por 3CX-Montreal-Compras-Recepcao-11-3195-5324 (0098);
26/03/2021 09:31;3CX-Montreal-Compras-Recepcao-11-3195-5324 (0098);;2,61999E+12;Atendida;00:00:43;00:00:19;00:01:02;0,32;Terminado por 3CX-Montreal-Compras-Recepcao-11-3195-5324 (0098);
26/03/2021 09:32;3CX-Montreal-Compras-Recepcao-11-3195-5324 (0098);;2,62E+12;Atendida;00:00:40;00:00:04;00:00:44;0,07;Terminado por 3CX-Montreal-Compras-Recepcao-11-3195-5324 (0098);
26/03/2021 09:34;3CX-Montreal-Compras-Recepcao-11-3195-5324 (0098);;2,61998E+12;Atendida;00:00:38;00:00:09;00:00:47;0,15;Terminado por 3CX-Montreal-Compras-Recepcao-11-3195-5324 (0098);
26/03/2021 09:41;3CX-Montreal-Compras-Recepcao-11-3195-5324 (0098);;2,61998E+12;Atendida;00:00:17;00:00:05;00:00:22;0,08;Terminado por 3CX-Montreal-Compras-Recepcao-11-3195-5324 (0098);
26/03/2021 09:46;3CX-Montreal-Compras-Recepcao-11-3195-5324 (0098);;2,61998E+12;Atendida;00:00:22;00:00:39;00:01:01;0,65;Terminado por 3CX-Montreal-Compras-Recepcao-11-3195-5324 (0098);
26/03/2021 09:47;3CX-Montreal-Compras-Recepcao-11-3195-5324 (0098);;2,61999E+12;Atendida;00:00:21;00:00:59;00:01:20;0,98;Terminado por 3CX-Montreal-Compras-Recepcao-11-3195-5324 (0098);
26/03/2021 09:49;3CX-Montreal-Compras-Recepcao-11-3195-5324 (0098);;2,61998E+12;Atendida;00:00:12;00:00:20;00:00:32;0,33;Terminado por 02619984060606;
26/03/2021 09:52;3CX-Montreal-Compras-Recepcao-11-3195-5324 (0098);;2,61999E+12;Atendida;00:00:16;00:00:13;00:00:29;0,22;Terminado por 02619993152203;
26/03/2021 09:53;3CX-Montreal-Compras-Recepcao-11-3195-5324 (0098);;2,61999E+12;Atendida;00:00:13;00:00:10;00:00:23;0,17;Terminado por 3CX-Montreal-Compras-Recepcao-11-3195-5324 (0098);
26/03/2021 09:53;3CX-Montreal-Compras-Recepcao-11-3195-5324 (0098);;2,62E+12;Atendida;00:00:24;00:00:34;00:00:58;0,57;Terminado por 3CX-Montreal-Compras-Recepcao-11-3195-5324 (0098);
26/03/2021 09:55;3CX-Montreal-Compras-Recepcao-11-3195-5324 (0098);;2,61998E+12;Atendida;00:00:42;00:00:17;00:00:59;0,28;Terminado por 3CX-Montreal-Compras-Recepcao-11-3195-5324 (0098);
26/03/2021 09:56;3CX-Montreal-Compras-Recepcao-11-3195-5324 (0098);;2,61999E+12;Atendida;00:00:16;00:00:37;00:00:53;0,62;Terminado por 3CX-Montreal-Compras-Recepcao-11-3195-5324 (0098);
26/03/2021 09:58;3CX-Montreal-Compras-Recepcao-11-3195-5324 (0098);;2,61999E+12;Atendida;00:00:21;00:00:07;00:00:28;0,12;Terminado por 3CX-Montreal-Compras-Recepcao-11-3195-5324 (0098);
26/03/2021 09:58;3CX-Montreal-Compras-Recepcao-11-3195-5324 (0098);;2,61999E+12;Atendida;00:00:29;00:00:47;00:01:16;0,78;Terminado por 3CX-Montreal-Compras-Recepcao-11-3195-5324 (0098);
26/03/2021 10:00;3CX-Montreal-Compras-Recepcao-11-3195-5324 (0098);;2,61999E+12;Atendida;00:00:50;00:00:48;00:01:38;0,8;Terminado por 02619989661407;
26/03/2021 10:02;3CX-Montreal-Compras-Recepcao-11-3195-5324 (0098);;2,61999E+12;Atendida;00:00:20;00:00:14;00:00:34;0,23;Terminado por 3CX-Montreal-Compras-Recepcao-11-3195-5324 (0098);
26/03/2021 10:03;3CX-Montreal-Compras-Recepcao-11-3195-5324 (0098);;2,61999E+12;Atendida;00:00:07;00:00:05;00:00:12;0,08;Terminado por 3CX-Montreal-Compras-Recepcao-11-3195-5324 (0098);
26/03/2021 10:03;3CX-Montreal-Compras-Recepcao-11-3195-5324 (0098);;2,61998E+12;Atendida;00:00:41;00:00:15;00:00:56;0,25;Terminado por 3CX-Montreal-Compras-Recepcao-11-3195-5324 (0098);
26/03/2021 10:05;3CX-Montreal-Compras-Recepcao-11-3195-5324 (0098);;2,61938E+11;Atendida;00:00:21;00:01:12;00:01:33;1,2;Terminado por 3CX-Montreal-Compras-Recepcao-11-3195-5324 (0098);
26/03/2021 10:07;3CX-Montreal-Compras-Recepcao-11-3195-5324 (0098);;2,61999E+12;Atendida;00:00:05;00:00:06;00:00:11;0,1;Terminado por 3CX-Montreal-Compras-Recepcao-11-3195-5324 (0098);
26/03/2021 10:07;3CX-Montreal-Compras-Recepcao-11-3195-5324 (0098);;2,61999E+12;Atendida;00:00:12;00:00:35;00:00:47;0,58;Terminado por 02619994224888;
26/03/2021 10:09;3CX-Montreal-Compras-Recepcao-11-3195-5324 (0098);;2,62E+12;Atendida;00:00:35;00:00:05;00:00:40;0,08;Terminado por 3CX-Montreal-Compras-Recepcao-11-3195-5324 (0098);
26/03/2021 10:10;3CX-Montreal-Compras-Recepcao-11-3195-5324 (0098);;2,62E+12;Atendida;00:00:40;00:00:07;00:00:47;0,12;Terminado por 3CX-Montreal-Compras-Recepcao-11-3195-5324 (0098);
26/03/2021 10:14;3CX-Montreal-Compras-Recepcao-11-3195-5324 (0098);;2,61999E+12;Atendida;00:00:16;00:00:54;00:01:10;0,9;Terminado por 3CX-Montreal-Compras-Recepcao-11-3195-5324 (0098);
26/03/2021 10:16;3CX-Montreal-Compras-Recepcao-11-3195-5324 (0098);;2,61999E+12;Atendida;00:00:40;00:00:05;00:00:45;0,08;Terminado por 3CX-Montreal-Compras-Recepcao-11-3195-5324 (0098);
26/03/2021 10:17;3CX-Montreal-Compras-Recepcao-11-3195-5324 (0098);;2,61999E+12;Atendida;00:00:12;00:00:36;00:00:48;0,6;Terminado por 02619993497772;
26/03/2021 10:19;3CX-Montreal-Compras-Recepcao-11-3195-5324 (0098);;2,61999E+12;Atendida;00:00:10;00:00:03;00:00:13;0,05;Terminado por 3CX-Montreal-Compras-Recepcao-11-3195-5324 (0098);
26/03/2021 10:20;3CX-Montreal-Compras-Recepcao-11-3195-5324 (0098);;2,61999E+12;Atendida;00:00:10;00:00:21;00:00:31;0,35;Terminado por 3CX-Montreal-Compras-Recepcao-11-3195-5324 (0098);
26/03/2021 10:25;3CX-Montreal-Compras-Recepcao-11-3195-5324 (0098);;2,61999E+12;Atendida;00:00:15;00:00:03;00:00:18;0,05;Terminado por 3CX-Montreal-Compras-Recepcao-11-3195-5324 (0098);
26/03/2021 10:26;3CX-Montreal-Compras-Recepcao-11-3195-5324 (0098);;2,61998E+12;Atendida;00:00:22;00:00:28;00:00:50;0,47;Terminado por 3CX-Montreal-Compras-Recepcao-11-3195-5324 (0098);
26/03/2021 10:28;3CX-Montreal-Compras-Recepcao-11-3195-5324 (0098);;2,61998E+12;Atendida;00:00:42;00:00:14;00:00:56;0,23;Terminado por 3CX-Montreal-Compras-Recepcao-11-3195-5324 (0098);
26/03/2021 10:30;3CX-Montreal-Compras-Recepcao-11-3195-5324 (0098);;2,62E+12;Atendida;00:00:15;00:00:32;00:00:47;0,53;Terminado por 3CX-Montreal-Compras-Recepcao-11-3195-5324 (0098);
26/03/2021 10:31;3CX-Montreal-Compras-Recepcao-11-3195-5324 (0098);;2,61998E+12;Atendida;00:00:24;00:00:31;00:00:55;0,52;Terminado por 3CX-Montreal-Compras-Recepcao-11-3195-5324 (0098);
26/03/2021 10:32;3CX-Montreal-Compras-Recepcao-11-3195-5324 (0098);;2,61999E+12;Atendida;00:00:38;00:00:09;00:00:47;0,15;Terminado por 3CX-Montreal-Compras-Recepcao-11-3195-5324 (0098);
26/03/2021 10:40;3CX-Montreal-Compras-Recepcao-11-3195-5324 (0098);;2,62E+12;Atendida;00:00:40;00:00:05;00:00:45;0,08;Terminado por 3CX-Montreal-Compras-Recepcao-11-3195-5324 (0098);
26/03/2021 10:41;3CX-Montreal-Compras-Recepcao-11-3195-5324 (0098);;2,61999E+12;Atendida;00:00:16;00:00:11;00:00:27;0,18;Terminado por 02619994450659;
26/03/2021 10:42;3CX-Montreal-Compras-Recepcao-11-3195-5324 (0098);;2,61998E+12;Atendida;00:00:41;00:00:10;00:00:51;0,17;Terminado por 3CX-Montreal-Compras-Recepcao-11-3195-5324 (0098);
26/03/2021 10:43;3CX-Montreal-Compras-Recepcao-11-3195-5324 (0098);;2,61999E+12;Atendida;00:00:39;00:00:08;00:00:47;0,13;Terminado por 3CX-Montreal-Compras-Recepcao-11-3195-5324 (0098);
26/03/2021 10:44;3CX-Montreal-Compras-Recepcao-11-3195-5324 (0098);;2,61999E+12;Atendida;00:00:42;00:00:03;00:00:45;0,05;Terminado por 3CX-Montreal-Compras-Recepcao-11-3195-5324 (0098);
26/03/2021 10:45;3CX-Montreal-Compras-Recepcao-11-3195-5324 (0098);;2,62E+12;Atendida;00:00:22;00:01:05;00:01:27;1,08;Terminado por 3CX-Montreal-Compras-Recepcao-11-3195-5324 (0098);
26/03/2021 10:47;3CX-Montreal-Compras-Recepcao-11-3195-5324 (0098);;2,61998E+12;Atendida;00:00:35;00:00:46;00:01:21;0,77;Terminado por 3CX-Montreal-Compras-Recepcao-11-3195-5324 (0098);
26/03/2021 10:49;3CX-Montreal-Compras-Recepcao-11-3195-5324 (0098);;2,61998E+12;Atendida;00:00:40;00:00:17;00:00:57;0,28;Terminado por 3CX-Montreal-Compras-Recepcao-11-3195-5324 (0098);
26/03/2021 10:51;3CX-Montreal-Compras-Recepcao-11-3195-5324 (0098);;2,61999E+12;Atendida;00:00:41;00:00:07;00:00:48;0,12;Terminado por 3CX-Montreal-Compras-Recepcao-11-3195-5324 (0098);
26/03/2021 11:09;3CX-Montreal-Compras-Recepcao-11-3195-5324 (0098);;2,61999E+12;Atendida;00:00:22;00:00:36;00:00:58;0,6;Terminado por 3CX-Montreal-Compras-Recepcao-11-3195-5324 (0098);
26/03/2021 11:11;3CX-Montreal-Compras-Recepcao-11-3195-5324 (0098);;2,61999E+12;Atendida;00:00:29;00:00:39;00:01:08;0,65;Terminado por 3CX-Montreal-Compras-Recepcao-11-3195-5324 (0098);
26/03/2021 11:12;3CX-Montreal-Compras-Recepcao-11-3195-5324 (0098);;2,62E+12;Atendida;00:00:14;00:00:27;00:00:41;0,45;Terminado por 02619998002723;
26/03/2021 11:15;3CX-Montreal-Compras-Recepcao-11-3195-5324 (0098);;2,62E+12;Atendida;00:00:20;00:00:51;00:01:11;0,85;Terminado por 3CX-Montreal-Compras-Recepcao-11-3195-5324 (0098);
26/03/2021 11:17;3CX-Montreal-Compras-Recepcao-11-3195-5324 (0098);;2,61998E+12;Atendida;00:00:13;00:00:41;00:00:54;0,68;Terminado por 3CX-Montreal-Compras-Recepcao-11-3195-5324 (0098);
26/03/2021 11:19;3CX-Montreal-Compras-Recepcao-11-3195-5324 (0098);;2,61999E+12;Atendida;00:00:38;00:00:38;00:01:16;0,63;Terminado por 3CX-Montreal-Compras-Recepcao-11-3195-5324 (0098);
26/03/2021 11:26;3CX-Montreal-Compras-Recepcao-11-3195-5324 (0098);;2,61998E+12;Atendida;00:00:40;00:00:07;00:00:47;0,12;Terminado por 3CX-Montreal-Compras-Recepcao-11-3195-5324 (0098);
26/03/2021 11:27;3CX-Montreal-Compras-Recepcao-11-3195-5324 (0098);;2,61998E+12;Atendida;00:00:45;00:00:12;00:00:57;0,2;Terminado por 3CX-Montreal-Compras-Recepcao-11-3195-5324 (0098);
26/03/2021 11:29;3CX-Montreal-Compras-Recepcao-11-3195-5324 (0098);;2,61999E+12;Atendida;00:00:33;00:00:22;00:00:55;0,37;Terminado por 3CX-Montreal-Compras-Recepcao-11-3195-5324 (0098);
26/03/2021 11:31;3CX-Montreal-Compras-Recepcao-11-3195-5324 (0098);;2,61998E+12;Atendida;00:00:10;00:00:35;00:00:45;0,58;Terminado por 3CX-Montreal-Compras-Recepcao-11-3195-5324 (0098);
26/03/2021 11:33;3CX-Montreal-Compras-Recepcao-11-3195-5324 (0098);;2,62E+12;Atendida;00:00:19;00:00:05;00:00:24;0,08;Terminado por 3CX-Montreal-Compras-Recepcao-11-3195-5324 (0098);
26/03/2021 11:34;3CX-Montreal-Compras-Recepcao-11-3195-5324 (0098);;2,62E+12;Atendida;00:00:14;00:00:07;00:00:21;0,12;Terminado por 3CX-Montreal-Compras-Recepcao-11-3195-5324 (0098);
26/03/2021 11:35;3CX-Montreal-Compras-Recepcao-11-3195-5324 (0098);;2,61997E+12;Atendida;00:01:07;00:00:05;00:01:12;0,08;Terminado por 3CX-Montreal-Compras-Recepcao-11-3195-5324 (0098);
26/03/2021 11:37;3CX-Montreal-Compras-Recepcao-11-3195-5324 (0098);;2,61999E+12;Atendida;00:00:20;00:00:02;00:00:22;0,03;Terminado por 02619988296427;
26/03/2021 11:37;3CX-Montreal-Compras-Recepcao-11-3195-5324 (0098);;2,61999E+12;Atendida;00:00:17;00:00:48;00:01:05;0,8;Terminado por 3CX-Montreal-Compras-Recepcao-11-3195-5324 (0098);
26/03/2021 11:42;3CX-Montreal-Compras-Recepcao-11-3195-5324 (0098);;2,61999E+12;Atendida;00:00:05;00:00:13;00:00:18;0,22;Terminado por 3CX-Montreal-Compras-Recepcao-11-3195-5324 (0098);
26/03/2021 11:48;3CX-Montreal-Compras-Recepcao-11-3195-5324 (0098);;2,61998E+12;Atendida;00:00:44;00:00:09;00:00:53;0,15;Terminado por 3CX-Montreal-Compras-Recepcao-11-3195-5324 (0098);
26/03/2021 11:49;3CX-Montreal-Compras-Recepcao-11-3195-5324 (0098);;2,62E+12;Atendida;00:00:09;00:00:05;00:00:14;0,08;Terminado por 3CX-Montreal-Compras-Recepcao-11-3195-5324 (0098);
26/03/2021 11:50;3CX-Montreal-Compras-Recepcao-11-3195-5324 (0098);;2,61998E+12;Atendida;00:00:43;00:00:18;00:01:01;0,3;Terminado por 3CX-Montreal-Compras-Recepcao-11-3195-5324 (0098);
26/03/2021 11:51;3CX-Montreal-Compras-Recepcao-11-3195-5324 (0098);;2,61999E+12;Atendida;00:00:43;00:00:04;00:00:47;0,07;Terminado por 3CX-Montreal-Compras-Recepcao-11-3195-5324 (0098);
26/03/2021 11:53;3CX-Montreal-Compras-Recepcao-11-3195-5324 (0098);;2,61999E+12;Atendida;00:00:29;00:00:13;00:00:42;0,22;Terminado por 3CX-Montreal-Compras-Recepcao-11-3195-5324 (0098);
26/03/2021 11:55;3CX-Montreal-Compras-Recepcao-11-3195-5324 (0098);;2,61998E+12;Atendida;00:00:43;00:00:22;00:01:05;0,37;Terminado por 3CX-Montreal-Compras-Recepcao-11-3195-5324 (0098);
26/03/2021 11:56;3CX-Montreal-Compras-Recepcao-11-3195-5324 (0098);;2,62E+12;Atendida;00:00:13;00:00:13;00:00:26;0,22;Terminado por 3CX-Montreal-Compras-Recepcao-11-3195-5324 (0098);
26/03/2021 13:19;3CX-Montreal-Compras-Recepcao-11-3195-5324 (0098);;2,62E+12;Atendida;00:00:20;00:00:50;00:01:10;0,83;Terminado por 3CX-Montreal-Compras-Recepcao-11-3195-5324 (0098);
26/03/2021 13:22;3CX-Montreal-Compras-Recepcao-11-3195-5324 (0098);;2,62E+12;Atendida;00:00:17;00:00:10;00:00:27;0,17;Terminado por 3CX-Montreal-Compras-Recepcao-11-3195-5324 (0098);
26/03/2021 13:23;3CX-Montreal-Compras-Recepcao-11-3195-5324 (0098);;2,61999E+12;Atendida;00:00:16;00:00:05;00:00:21;0,08;Terminado por 3CX-Montreal-Compras-Recepcao-11-3195-5324 (0098);
26/03/2021 13:23;3CX-Montreal-Compras-Recepcao-11-3195-5324 (0098);;2,61999E+12;Atendida;00:00:08;00:00:32;00:00:40;0,53;Terminado por 02619988490520;
26/03/2021 13:25;3CX-Montreal-Compras-Recepcao-11-3195-5324 (0098);;2,61998E+12;Atendida;00:00:11;00:01:27;00:01:38;1,45;Terminado por 3CX-Montreal-Compras-Recepcao-11-3195-5324 (0098);
26/03/2021 13:27;3CX-Montreal-Compras-Recepcao-11-3195-5324 (0098);;2,61998E+12;Atendida;00:00:13;00:00:28;00:00:41;0,47;Terminado por 3CX-Montreal-Compras-Recepcao-11-3195-5324 (0098);
26/03/2021 13:28;3CX-Montreal-Compras-Recepcao-11-3195-5324 (0098);;2,61997E+12;Atendida;00:00:26;00:00:09;00:00:35;0,15;Terminado por 3CX-Montreal-Compras-Recepcao-11-3195-5324 (0098);
26/03/2021 13:29;3CX-Montreal-Compras-Recepcao-11-3195-5324 (0098);;2,61999E+12;Atendida;00:00:08;00:00:03;00:00:11;0,05;Terminado por 3CX-Montreal-Compras-Recepcao-11-3195-5324 (0098);
26/03/2021 13:29;3CX-Montreal-Compras-Recepcao-11-3195-5324 (0098);;2,61939E+11;Atendida;00:00:20;00:00:53;00:01:13;0,88;Terminado por 3CX-Montreal-Compras-Recepcao-11-3195-5324 (0098);
26/03/2021 13:31;3CX-Montreal-Compras-Recepcao-11-3195-5324 (0098);;2,61999E+12;Atendida;00:00:09;00:00:04;00:00:13;0,07;Terminado por 3CX-Montreal-Compras-Recepcao-11-3195-5324 (0098);
26/03/2021 13:35;3CX-Montreal-Compras-Recepcao-11-3195-5324 (0098);;2,62E+12;Atendida;00:00:41;00:00:03;00:00:44;0,05;Terminado por 3CX-Montreal-Compras-Recepcao-11-3195-5324 (0098);
26/03/2021 13:36;3CX-Montreal-Compras-Recepcao-11-3195-5324 (0098);;2,61938E+11;Atendida;00:00:23;00:00:46;00:01:09;0,77;Terminado por 3CX-Montreal-Compras-Recepcao-11-3195-5324 (0098);
26/03/2021 13:37;3CX-Montreal-Compras-Recepcao-11-3195-5324 (0098);;2,61999E+12;Atendida;00:00:20;00:00:16;00:00:36;0,27;Terminado por 3CX-Montreal-Compras-Recepcao-11-3195-5324 (0098);
26/03/2021 13:39;3CX-Montreal-Compras-Recepcao-11-3195-5324 (0098);;2,61999E+12;Atendida;00:00:11;00:01:53;00:02:04;1,88;Terminado por 02619992997281;
26/03/2021 13:43;3CX-Montreal-Compras-Recepcao-11-3195-5324 (0098);;2,61999E+12;Atendida;00:00:15;00:00:06;00:00:21;0,1;Terminado por 3CX-Montreal-Compras-Recepcao-11-3195-5324 (0098);
26/03/2021 13:50;3CX-Montreal-Compras-Recepcao-11-3195-5324 (0098);;2,61999E+12;Atendida;00:00:16;00:00:09;00:00:25;0,15;Terminado por 3CX-Montreal-Compras-Recepcao-11-3195-5324 (0098);
26/03/2021 13:46;3CX-Montreal-Compras-Recepcao-11-3195-5324 (0098);;2,61999E+12;Atendida;00:00:16;00:06:26;00:06:42;6,43;Terminado por 02619991432942;
26/03/2021 13:52;3CX-Montreal-Compras-Recepcao-11-3195-5324 (0098);;2,61998E+12;Atendida;00:01:29;00:00:05;00:01:34;0,08;Terminado por 3CX-Montreal-Compras-Recepcao-11-3195-5324 (0098);
26/03/2021 13:54;3CX-Montreal-Compras-Recepcao-11-3195-5324 (0098);;2,62E+12;Atendida;00:00:19;00:00:55;00:01:14;0,92;Terminado por 3CX-Montreal-Compras-Recepcao-11-3195-5324 (0098);
26/03/2021 13:56;3CX-Montreal-Compras-Recepcao-11-3195-5324 (0098);;2,62E+12;Atendida;00:00:24;00:00:29;00:00:53;0,48;Terminado por 02619996975767;
26/03/2021 13:57;3CX-Montreal-Compras-Recepcao-11-3195-5324 (0098);;2,61999E+12;Atendida;00:00:41;00:00:04;00:00:45;0,07;Terminado por 3CX-Montreal-Compras-Recepcao-11-3195-5324 (0098);
26/03/2021 13:59;3CX-Montreal-Compras-Recepcao-11-3195-5324 (0098);;2,62E+12;Atendida;00:00:15;00:00:34;00:00:49;0,57;Terminado por 02619997096201;
26/03/2021 14:09;3CX-Montreal-Compras-Recepcao-11-3195-5324 (0098);;2,61998E+12;Atendida;00:00:17;00:00:26;00:00:43;0,43;Terminado por 3CX-Montreal-Compras-Recepcao-11-3195-5324 (0098);
26/03/2021 14:10;3CX-Montreal-Compras-Recepcao-11-3195-5324 (0098);;2,61999E+12;Atendida;00:00:41;00:00:02;00:00:43;0,03;Terminado por 3CX-Montreal-Compras-Recepcao-11-3195-5324 (0098);
26/03/2021 14:17;3CX-Montreal-Compras-Recepcao-11-3195-5324 (0098);;2,62E+12;Atendida;00:00:12;00:00:32;00:00:44;0,53;Terminado por 3CX-Montreal-Compras-Recepcao-11-3195-5324 (0098);
26/03/2021 14:18;3CX-Montreal-Compras-Recepcao-11-3195-5324 (0098);;2,61999E+12;Atendida;00:00:13;00:00:35;00:00:48;0,58;Terminado por 3CX-Montreal-Compras-Recepcao-11-3195-5324 (0098);
26/03/2021 14:20;3CX-Montreal-Compras-Recepcao-11-3195-5324 (0098);;2,61998E+12;Atendida;00:00:20;00:00:29;00:00:49;0,48;Terminado por 3CX-Montreal-Compras-Recepcao-11-3195-5324 (0098);
26/03/2021 14:21;3CX-Montreal-Compras-Recepcao-11-3195-5324 (0098);;2,61999E+12;Atendida;00:00:38;00:00:10;00:00:48;0,17;Terminado por 3CX-Montreal-Compras-Recepcao-11-3195-5324 (0098);
26/03/2021 14:23;3CX-Montreal-Compras-Recepcao-11-3195-5324 (0098);;2,62E+12;Atendida;00:00:17;00:02:37;00:02:54;2,62;Terminado por 3CX-Montreal-Compras-Recepcao-11-3195-5324 (0098);
26/03/2021 14:39;3CX-Montreal-Compras-Recepcao-11-3195-5324 (0098);;2,61998E+12;Atendida;00:00:46;00:00:19;00:01:05;0,32;Terminado por 3CX-Montreal-Compras-Recepcao-11-3195-5324 (0098);
26/03/2021 15:10;3CX-Montreal-Compras-Recepcao-11-3195-5324 (0098);;2,61998E+12;Atendida;00:00:45;00:00:15;00:01:00;0,25;Terminado por 3CX-Montreal-Compras-Recepcao-11-3195-5324 (0098);
26/03/2021 15:31;3CX-Montreal-Compras-Recepcao-11-3195-5324 (0098);;2,61998E+12;Atendida;00:00:45;00:00:13;00:00:58;0,22;Terminado por 3CX-Montreal-Compras-Recepcao-11-3195-5324 (0098);
26/03/2021 15:37;3CX-Montreal-Compras-Recepcao-11-3195-5324 (0098);;2,62E+12;Atendida;00:00:43;00:00:11;00:00:54;0,18;Terminado por 3CX-Montreal-Compras-Recepcao-11-3195-5324 (0098);
26/03/2021 15:38;3CX-Montreal-Compras-Recepcao-11-3195-5324 (0098);;2,62E+12;Atendida;00:00:44;00:00:05;00:00:49;0,08;Terminado por 3CX-Montreal-Compras-Recepcao-11-3195-5324 (0098);
26/03/2021 15:43;3CX-Montreal-Compras-Recepcao-11-3195-5324 (0098);;2,61999E+12;Atendida;00:00:12;00:00:45;00:00:57;0,75;Terminado por 02619987653570;
26/03/2021 15:44;3CX-Montreal-Compras-Recepcao-11-3195-5324 (0098);;2,61999E+12;Atendida;00:00:07;00:00:03;00:00:10;0,05;Terminado por 3CX-Montreal-Compras-Recepcao-11-3195-5324 (0098);
26/03/2021 15:45;3CX-Montreal-Compras-Recepcao-11-3195-5324 (0098);;2,61999E+12;Atendida;00:00:07;00:00:05;00:00:12;0,08;Terminado por 3CX-Montreal-Compras-Recepcao-11-3195-5324 (0098);
26/03/2021 15:46;3CX-Montreal-Compras-Recepcao-11-3195-5324 (0098);;2,61999E+12;Atendida;00:00:34;00:00:36;00:01:10;0,6;Terminado por 02619992463495;
26/03/2021 15:50;3CX-Montreal-Compras-Recepcao-11-3195-5324 (0098);;2,61997E+12;Atendida;00:00:23;00:00:05;00:00:28;0,08;Terminado por 02619974050447;
29/03/2021 10:44;3CX-Montreal-Compras-Recepcao-11-3195-5324 (0098);;2,61938E+11;Atendida;00:00:20;00:01:00;00:01:20;1;Terminado por 0261938285235;
29/03/2021 17:52;3CX-Montreal-Compras-Recepcao-11-3195-5324 (0098);;2,61195E+12;Atendida;00:00:11;00:00:31;00:00:42;0,52;Terminado por 3CX-Montreal-Compras-Recepcao-11-3195-5324 (0098);
29/03/2021 17:55;3CX-Montreal-Compras-Recepcao-11-3195-5324 (0098);;2,61195E+12;Atendida;00:00:17;00:00:02;00:00:19;0,03;Terminado por 3CX-Montreal-Compras-Recepcao-11-3195-5324 (0098);
29/03/2021 17:56;3CX-Montreal-Compras-Recepcao-11-3195-5324 (0098);;2,61195E+12;Atendida;00:00:15;00:00:02;00:00:17;0,03;Terminado por 3CX-Montreal-Compras-Recepcao-11-3195-5324 (0098);
29/03/2021 17:56;3CX-Montreal-Compras-Recepcao-11-3195-5324 (0098);;2,61195E+12;Atendida;00:00:13;00:00:02;00:00:15;0,03;Terminado por 02611949768106;
29/03/2021 17:57;3CX-Montreal-Compras-Recepcao-11-3195-5324 (0098);;2,61131E+11;Atendida;00:00:10;00:00:24;00:00:34;0,4;Terminado por 3CX-Montreal-Compras-Recepcao-11-3195-5324 (0098);
Totais:;;;Chamadas - 398;;02:38:55;02:56:36;05:35:31;176,69;;
;;3CX Ltd.;;;;;;;;
